Filename,True Label,Predicted Label
1.jpg,0,0
10.jpg,1,1
100.jpg,0,0
1000.jpg,1,0
10000.jpg,0,0
10001.jpg,0,1
10002.jpg,0,0
10003.jpg,0,0
10004.jpg,0,0
10005.jpg,1,0
10006.jpg,0,0
10007.jpg,0,0
10008.jpg,0,0
10009.jpg,1,1
1001.jpg,1,0
10010.jpg,1,1
10011.jpg,1,0
10012.jpg,1,0
10013.jpg,0,0
10014.jpg,1,1
10015.jpg,0,0
10016.jpg,0,0
10017.jpg,1,1
10018.jpg,0,0
10019.jpg,0,0
1002.jpg,0,0
10020.jpg,0,1
10021.jpg,0,1
10022.jpg,0,0
10023.jpg,1,1
10024.jpg,0,0
10025.jpg,1,0
10026.jpg,1,1
10027.jpg,0,1
10028.jpg,0,0
10029.jpg,1,0
1003.jpg,0,0
10030.jpg,1,0
10031.jpg,0,0
10032.jpg,0,1
10033.jpg,0,0
10034.jpg,1,1
10035.jpg,1,1
10036.jpg,1,1
10037.jpg,0,0
10038.jpg,1,1
10039.jpg,1,1
1004.jpg,0,0
10040.jpg,1,1
10041.jpg,0,0
10042.jpg,0,0
10043.jpg,1,1
10044.jpg,0,0
10045.jpg,0,0
10046.jpg,1,0
10047.jpg,1,1
10048.jpg,1,1
10049.jpg,0,0
1005.jpg,1,1
10050.jpg,1,1
10051.jpg,0,1
10052.jpg,0,0
10053.jpg,1,1
10054.jpg,0,0
10055.jpg,1,1
10056.jpg,0,0
10057.jpg,1,1
10058.jpg,1,1
10059.jpg,1,0
1006.jpg,0,0
10060.jpg,1,0
10061.jpg,0,1
10062.jpg,1,0
10063.jpg,1,0
10064.jpg,0,0
10065.jpg,1,0
10066.jpg,0,0
10067.jpg,1,1
10068.jpg,0,0
10069.jpg,0,1
1007.jpg,0,0
10070.jpg,1,1
10071.jpg,0,0
10072.jpg,1,1
10073.jpg,0,0
10074.jpg,0,0
10075.jpg,0,1
10076.jpg,0,0
10077.jpg,1,0
10078.jpg,1,0
10079.jpg,0,0
1008.jpg,0,0
10080.jpg,0,1
10081.jpg,1,0
10082.jpg,0,0
10083.jpg,0,1
10084.jpg,0,0
10085.jpg,1,0
10086.jpg,1,1
10087.jpg,1,1
10088.jpg,1,1
10089.jpg,0,1
1009.jpg,1,0
10090.jpg,0,0
10091.jpg,1,1
10092.jpg,0,0
10093.jpg,0,1
10094.jpg,0,0
10095.jpg,1,0
10096.jpg,1,1
10097.jpg,0,0
10098.jpg,1,1
10099.jpg,1,1
101.jpg,1,0
1010.jpg,1,1
10100.jpg,1,1
10101.jpg,1,0
10102.jpg,0,1
10103.jpg,1,1
10104.jpg,0,0
10105.jpg,1,1
10106.jpg,1,1
10107.jpg,1,1
10108.jpg,0,0
10109.jpg,1,1
1011.jpg,1,1
10110.jpg,1,1
10111.jpg,0,0
10112.jpg,1,1
10113.jpg,1,0
10114.jpg,1,1
10115.jpg,0,1
10116.jpg,0,1
10117.jpg,0,0
10118.jpg,0,1
10119.jpg,1,1
1012.jpg,0,1
10120.jpg,1,1
10121.jpg,1,1
10122.jpg,0,0
10123.jpg,1,1
10124.jpg,1,1
10125.jpg,1,0
10126.jpg,1,1
10127.jpg,0,0
10128.jpg,1,1
10129.jpg,0,0
1013.jpg,1,0
10130.jpg,0,0
10131.jpg,1,0
10132.jpg,1,1
10133.jpg,0,0
10134.jpg,0,0
10135.jpg,0,0
10136.jpg,1,1
10137.jpg,0,0
10138.jpg,0,0
10139.jpg,0,1
1014.jpg,1,1
10140.jpg,1,1
10141.jpg,1,1
10142.jpg,0,0
10143.jpg,0,0
10144.jpg,0,0
10145.jpg,1,1
10146.jpg,1,1
10147.jpg,0,0
10148.jpg,0,0
10149.jpg,1,0
1015.jpg,1,0
10150.jpg,0,1
10151.jpg,1,0
10152.jpg,1,1
10153.jpg,1,1
10154.jpg,0,0
10155.jpg,1,0
10156.jpg,0,0
10157.jpg,1,0
10158.jpg,1,0
10159.jpg,1,1
1016.jpg,0,0
10160.jpg,0,0
10161.jpg,0,0
10162.jpg,0,1
10163.jpg,0,1
10164.jpg,1,1
10165.jpg,1,1
10166.jpg,1,1
10167.jpg,0,0
10168.jpg,1,0
10169.jpg,1,1
1017.jpg,1,1
10170.jpg,1,0
10171.jpg,0,1
10172.jpg,1,0
10173.jpg,0,0
10174.jpg,1,0
10175.jpg,1,0
10176.jpg,0,0
10177.jpg,1,0
10178.jpg,0,1
10179.jpg,0,0
1018.jpg,0,1
10180.jpg,1,0
10181.jpg,0,1
10182.jpg,1,1
10183.jpg,1,1
10184.jpg,1,1
10185.jpg,0,0
10186.jpg,0,0
10187.jpg,1,0
10188.jpg,0,0
10189.jpg,0,0
1019.jpg,1,1
10190.jpg,0,0
10191.jpg,1,0
10192.jpg,0,0
10193.jpg,0,0
10194.jpg,0,0
10195.jpg,0,0
10196.jpg,0,0
10197.jpg,0,0
10198.jpg,1,1
10199.jpg,1,1
102.jpg,1,1
1020.jpg,1,1
10200.jpg,1,1
10201.jpg,0,0
10202.jpg,0,1
10203.jpg,1,1
10204.jpg,0,1
10205.jpg,0,0
10206.jpg,0,0
10207.jpg,1,1
10208.jpg,0,0
10209.jpg,1,1
1021.jpg,0,0
10210.jpg,0,0
10211.jpg,0,0
10212.jpg,0,1
10213.jpg,1,0
10214.jpg,0,0
10215.jpg,1,1
10216.jpg,1,0
10217.jpg,1,1
10218.jpg,1,0
10219.jpg,1,0
1022.jpg,0,0
10220.jpg,0,1
10221.jpg,0,0
10222.jpg,0,0
10223.jpg,1,1
10224.jpg,1,1
10225.jpg,0,0
10226.jpg,0,0
10227.jpg,0,1
10228.jpg,0,0
10229.jpg,0,0
1023.jpg,0,0
10230.jpg,1,0
10231.jpg,0,0
10232.jpg,0,0
10233.jpg,1,1
10234.jpg,0,0
10235.jpg,1,1
10236.jpg,0,0
10237.jpg,0,0
10238.jpg,0,0
10239.jpg,1,0
1024.jpg,0,1
10240.jpg,0,0
10241.jpg,1,0
10242.jpg,1,0
10243.jpg,1,0
10244.jpg,1,0
10245.jpg,0,0
10246.jpg,1,1
10247.jpg,1,1
10248.jpg,0,0
10249.jpg,1,1
1025.jpg,0,1
10250.jpg,1,1
10251.jpg,1,1
10252.jpg,0,1
10253.jpg,1,1
10254.jpg,1,1
10255.jpg,0,0
10256.jpg,0,1
10257.jpg,1,1
10258.jpg,1,1
10259.jpg,0,1
1026.jpg,0,0
10260.jpg,1,1
10261.jpg,0,0
10262.jpg,1,1
10263.jpg,1,0
10264.jpg,0,0
10265.jpg,1,0
10266.jpg,0,0
10267.jpg,0,1
10268.jpg,1,0
10269.jpg,0,0
1027.jpg,0,1
10270.jpg,0,0
10271.jpg,1,1
10272.jpg,0,0
10273.jpg,0,1
10274.jpg,1,1
10275.jpg,1,1
10276.jpg,0,1
10277.jpg,1,1
10278.jpg,0,1
10279.jpg,1,1
1028.jpg,1,1
10280.jpg,1,1
10281.jpg,0,1
10282.jpg,0,0
10283.jpg,1,0
10284.jpg,0,0
10285.jpg,0,0
10286.jpg,0,0
10287.jpg,1,0
10288.jpg,0,1
10289.jpg,0,0
1029.jpg,0,0
10290.jpg,1,0
10291.jpg,1,1
10292.jpg,0,0
10293.jpg,0,0
10294.jpg,0,0
10295.jpg,0,1
10296.jpg,0,0
10297.jpg,1,1
10298.jpg,0,0
10299.jpg,1,1
103.jpg,1,1
1030.jpg,1,1
10300.jpg,0,0
10301.jpg,0,0
10302.jpg,1,0
10303.jpg,1,1
10304.jpg,0,0
10305.jpg,1,1
10306.jpg,1,0
10307.jpg,0,1
10308.jpg,0,0
10309.jpg,0,0
1031.jpg,1,1
10310.jpg,0,1
10311.jpg,1,0
10312.jpg,1,0
10313.jpg,0,1
10314.jpg,1,0
10315.jpg,0,0
10316.jpg,0,0
10317.jpg,1,1
10318.jpg,0,1
10319.jpg,1,0
1032.jpg,0,0
10320.jpg,0,0
10321.jpg,0,1
10322.jpg,1,0
10323.jpg,0,0
10324.jpg,0,0
10325.jpg,0,0
10326.jpg,1,1
10327.jpg,0,0
10328.jpg,0,1
10329.jpg,0,0
1033.jpg,0,0
10330.jpg,1,1
10331.jpg,1,1
10332.jpg,1,1
10333.jpg,1,0
10334.jpg,0,0
10335.jpg,1,0
10336.jpg,1,1
10337.jpg,0,0
10338.jpg,1,1
10339.jpg,0,1
1034.jpg,0,0
10340.jpg,0,0
10341.jpg,0,1
10342.jpg,0,0
10343.jpg,0,0
10344.jpg,1,1
10345.jpg,0,0
10346.jpg,1,0
10347.jpg,0,1
10348.jpg,1,1
10349.jpg,1,1
1035.jpg,0,0
10350.jpg,0,0
10351.jpg,0,0
10352.jpg,1,0
10353.jpg,1,1
10354.jpg,0,1
10355.jpg,1,0
10356.jpg,1,0
10357.jpg,0,0
10358.jpg,0,1
10359.jpg,1,1
1036.jpg,1,0
10360.jpg,0,0
10361.jpg,1,1
10362.jpg,0,0
10363.jpg,1,0
10364.jpg,0,0
10365.jpg,1,1
10366.jpg,0,1
10367.jpg,1,1
10368.jpg,0,0
10369.jpg,0,0
1037.jpg,0,1
10370.jpg,1,0
10371.jpg,0,0
10372.jpg,0,0
10373.jpg,1,0
10374.jpg,0,0
10375.jpg,1,1
10376.jpg,1,0
10377.jpg,1,0
10378.jpg,0,1
10379.jpg,1,1
1038.jpg,1,0
10380.jpg,0,0
10381.jpg,1,1
10382.jpg,0,0
10383.jpg,0,0
10384.jpg,0,1
10385.jpg,0,0
10386.jpg,1,1
10387.jpg,1,0
10388.jpg,1,1
10389.jpg,1,0
1039.jpg,1,0
10390.jpg,1,1
10391.jpg,1,0
10392.jpg,0,0
10393.jpg,0,0
10394.jpg,1,0
10395.jpg,0,1
10396.jpg,1,1
10397.jpg,0,1
10398.jpg,0,0
10399.jpg,1,0
104.jpg,0,0
1040.jpg,1,1
10400.jpg,0,1
10401.jpg,1,1
10402.jpg,0,0
10403.jpg,1,1
10404.jpg,0,0
10405.jpg,1,1
10406.jpg,1,1
10407.jpg,0,1
10408.jpg,0,1
10409.jpg,0,1
1041.jpg,0,1
10410.jpg,1,1
10411.jpg,0,1
10412.jpg,1,0
10413.jpg,1,1
10414.jpg,0,0
10415.jpg,1,1
10416.jpg,0,0
10417.jpg,1,1
10418.jpg,0,0
10419.jpg,0,1
1042.jpg,0,0
10420.jpg,0,0
10421.jpg,1,1
10422.jpg,0,0
10423.jpg,1,1
10424.jpg,1,1
10425.jpg,0,0
10426.jpg,1,1
10427.jpg,0,0
10428.jpg,1,1
10429.jpg,1,0
1043.jpg,0,0
10430.jpg,1,1
10431.jpg,0,1
10432.jpg,0,0
10433.jpg,0,0
10434.jpg,0,1
10435.jpg,0,0
10436.jpg,0,1
10437.jpg,0,1
10438.jpg,1,1
10439.jpg,0,1
1044.jpg,0,0
10440.jpg,1,1
10441.jpg,0,0
10442.jpg,0,1
10443.jpg,0,0
10444.jpg,0,0
10445.jpg,1,0
10446.jpg,0,1
10447.jpg,0,1
10448.jpg,0,1
10449.jpg,1,0
1045.jpg,1,1
10450.jpg,1,1
10451.jpg,1,1
10452.jpg,0,1
10453.jpg,0,0
10454.jpg,0,0
10455.jpg,1,1
10456.jpg,0,0
10457.jpg,0,0
10458.jpg,1,0
10459.jpg,0,0
1046.jpg,0,0
10460.jpg,0,1
10461.jpg,0,0
10462.jpg,0,0
10463.jpg,1,1
10464.jpg,1,1
10465.jpg,0,1
10466.jpg,0,0
10467.jpg,1,0
10468.jpg,0,0
10469.jpg,0,0
1047.jpg,0,0
10470.jpg,1,0
10471.jpg,0,0
10472.jpg,0,0
10473.jpg,0,0
10474.jpg,0,0
10475.jpg,1,0
10476.jpg,0,0
10477.jpg,1,1
10478.jpg,1,1
10479.jpg,0,0
1048.jpg,0,0
10480.jpg,0,1
10481.jpg,1,1
10482.jpg,0,0
10483.jpg,0,0
10484.jpg,1,1
10485.jpg,0,0
10486.jpg,0,0
10487.jpg,0,0
10488.jpg,1,0
10489.jpg,0,0
1049.jpg,0,0
10490.jpg,1,0
10491.jpg,0,0
10492.jpg,0,0
10493.jpg,0,0
10494.jpg,1,1
10495.jpg,1,0
10496.jpg,0,0
10497.jpg,0,0
10498.jpg,0,0
10499.jpg,1,1
105.jpg,0,1
1050.jpg,1,1
10500.jpg,1,1
10501.jpg,1,1
10502.jpg,1,1
10503.jpg,0,1
10504.jpg,0,1
10505.jpg,0,0
10506.jpg,0,0
10507.jpg,0,1
10508.jpg,1,0
10509.jpg,1,1
1051.jpg,1,1
10510.jpg,0,0
10511.jpg,1,0
10512.jpg,0,0
10513.jpg,0,0
10514.jpg,1,0
10515.jpg,1,0
10516.jpg,0,1
10517.jpg,1,1
10518.jpg,0,0
10519.jpg,0,0
1052.jpg,0,0
10520.jpg,1,1
10521.jpg,1,1
10522.jpg,1,1
10523.jpg,1,1
10524.jpg,0,0
10525.jpg,0,0
10526.jpg,1,1
10527.jpg,1,0
10528.jpg,0,0
10529.jpg,0,0
1053.jpg,1,1
10530.jpg,1,1
10531.jpg,1,1
10532.jpg,0,0
10533.jpg,0,0
10534.jpg,0,1
10535.jpg,1,0
10536.jpg,1,0
10537.jpg,1,1
10538.jpg,1,1
10539.jpg,1,1
1054.jpg,1,0
10540.jpg,0,1
10541.jpg,1,0
10542.jpg,0,0
10543.jpg,1,0
10544.jpg,0,0
10545.jpg,0,0
10546.jpg,0,1
10547.jpg,0,0
10548.jpg,0,0
10549.jpg,0,0
1055.jpg,0,0
10550.jpg,0,0
10551.jpg,0,0
10552.jpg,0,1
10553.jpg,0,1
10554.jpg,0,0
10555.jpg,0,0
10556.jpg,0,0
10557.jpg,1,0
10558.jpg,0,0
10559.jpg,0,0
1056.jpg,1,1
10560.jpg,1,1
10561.jpg,0,0
10562.jpg,0,0
10563.jpg,1,1
10564.jpg,1,0
10565.jpg,0,0
10566.jpg,0,0
10567.jpg,0,0
10568.jpg,1,1
10569.jpg,1,0
1057.jpg,0,0
10570.jpg,1,1
10571.jpg,1,1
10572.jpg,1,1
10573.jpg,0,1
10574.jpg,0,0
10575.jpg,1,1
10576.jpg,1,0
10577.jpg,0,1
10578.jpg,1,0
10579.jpg,0,1
1058.jpg,1,1
10580.jpg,0,0
10581.jpg,1,1
10582.jpg,1,1
10583.jpg,1,1
10584.jpg,0,0
10585.jpg,0,1
10586.jpg,1,1
10587.jpg,1,1
10588.jpg,1,1
10589.jpg,0,1
1059.jpg,0,0
10590.jpg,0,0
10591.jpg,1,1
10592.jpg,1,1
10593.jpg,1,1
10594.jpg,0,0
10595.jpg,0,0
10596.jpg,1,1
10597.jpg,1,1
10598.jpg,0,1
10599.jpg,0,0
106.jpg,1,1
1060.jpg,0,0
10600.jpg,1,0
10601.jpg,0,0
10602.jpg,1,1
10603.jpg,0,0
10604.jpg,1,0
10605.jpg,1,0
10606.jpg,0,0
10607.jpg,0,0
10608.jpg,1,1
10609.jpg,1,1
1061.jpg,1,1
10610.jpg,1,1
10611.jpg,1,1
10612.jpg,1,0
10613.jpg,1,0
10614.jpg,0,0
10615.jpg,1,1
10616.jpg,0,0
10617.jpg,0,0
10618.jpg,0,0
10619.jpg,1,1
1062.jpg,0,0
10620.jpg,0,0
10621.jpg,1,0
10622.jpg,0,1
10623.jpg,1,0
10624.jpg,1,1
10625.jpg,0,1
10626.jpg,0,1
10627.jpg,0,0
10628.jpg,1,0
10629.jpg,0,0
1063.jpg,0,0
10630.jpg,0,1
10631.jpg,0,1
10632.jpg,1,1
10633.jpg,1,1
10634.jpg,0,0
10635.jpg,1,1
10636.jpg,1,1
10637.jpg,1,0
10638.jpg,0,0
10639.jpg,0,0
1064.jpg,1,0
10640.jpg,1,1
10641.jpg,0,1
10642.jpg,0,1
10643.jpg,0,0
10644.jpg,0,1
10645.jpg,0,0
10646.jpg,0,0
10647.jpg,0,0
10648.jpg,0,0
10649.jpg,0,0
1065.jpg,0,0
10650.jpg,1,0
10651.jpg,0,1
10652.jpg,1,0
10653.jpg,1,0
10654.jpg,1,1
10655.jpg,1,1
10656.jpg,1,1
10657.jpg,1,1
10658.jpg,1,1
10659.jpg,1,0
1066.jpg,1,1
10660.jpg,1,0
10661.jpg,1,1
10662.jpg,1,0
10663.jpg,0,0
10664.jpg,1,0
10665.jpg,0,1
10666.jpg,0,0
10667.jpg,1,1
10668.jpg,0,0
10669.jpg,1,0
1067.jpg,1,1
10670.jpg,0,0
10671.jpg,1,1
10672.jpg,0,0
10673.jpg,1,0
10674.jpg,0,0
10675.jpg,1,1
10676.jpg,1,1
10677.jpg,0,0
10678.jpg,0,0
10679.jpg,0,0
1068.jpg,1,0
10680.jpg,1,1
10681.jpg,0,1
10682.jpg,0,0
10683.jpg,0,0
10684.jpg,1,1
10685.jpg,0,1
10686.jpg,0,0
10687.jpg,1,1
10688.jpg,1,1
10689.jpg,1,1
1069.jpg,0,0
10690.jpg,1,1
10691.jpg,0,0
10692.jpg,0,1
10693.jpg,0,1
10694.jpg,1,0
10695.jpg,1,1
10696.jpg,1,0
10697.jpg,0,0
10698.jpg,1,0
10699.jpg,1,0
107.jpg,1,1
1070.jpg,1,1
10700.jpg,1,0
10701.jpg,1,0
10702.jpg,1,0
10703.jpg,0,0
10704.jpg,0,1
10705.jpg,1,1
10706.jpg,1,1
10707.jpg,1,1
10708.jpg,1,1
10709.jpg,0,1
1071.jpg,0,1
10710.jpg,1,0
10711.jpg,1,1
10712.jpg,1,0
10713.jpg,0,1
10714.jpg,1,1
10715.jpg,0,0
10716.jpg,0,1
10717.jpg,1,1
10718.jpg,1,1
10719.jpg,0,0
1072.jpg,1,1
10720.jpg,0,1
10721.jpg,1,1
10722.jpg,0,0
10723.jpg,1,0
10724.jpg,0,0
10725.jpg,0,0
10726.jpg,0,0
10727.jpg,0,1
10728.jpg,0,1
10729.jpg,0,0
1073.jpg,0,0
10730.jpg,1,0
10731.jpg,1,1
10732.jpg,1,1
10733.jpg,0,0
10734.jpg,1,1
10735.jpg,0,0
10736.jpg,0,0
10737.jpg,0,0
10738.jpg,0,1
10739.jpg,1,1
1074.jpg,1,0
10740.jpg,1,0
10741.jpg,0,0
10742.jpg,1,1
10743.jpg,0,0
10744.jpg,0,0
10745.jpg,0,1
10746.jpg,1,1
10747.jpg,0,0
10748.jpg,0,0
10749.jpg,1,1
1075.jpg,0,0
10750.jpg,0,0
10751.jpg,0,0
10752.jpg,0,0
10753.jpg,0,0
10754.jpg,1,1
10755.jpg,0,0
10756.jpg,1,0
10757.jpg,1,1
10758.jpg,0,0
10759.jpg,0,0
1076.jpg,1,1
10760.jpg,1,1
10761.jpg,0,0
10762.jpg,1,1
10763.jpg,1,1
10764.jpg,1,1
10765.jpg,1,1
10766.jpg,1,0
10767.jpg,0,0
10768.jpg,0,0
10769.jpg,1,0
1077.jpg,1,1
10770.jpg,1,0
10771.jpg,1,1
10772.jpg,0,0
10773.jpg,1,1
10774.jpg,0,1
10775.jpg,1,0
10776.jpg,0,1
10777.jpg,1,1
10778.jpg,1,1
10779.jpg,1,1
1078.jpg,1,0
10780.jpg,1,0
10781.jpg,1,1
10782.jpg,0,0
10783.jpg,1,0
10784.jpg,1,0
10785.jpg,1,1
10786.jpg,1,1
10787.jpg,1,1
10788.jpg,0,0
10789.jpg,1,1
1079.jpg,0,0
10790.jpg,1,1
10791.jpg,1,1
10792.jpg,1,0
10793.jpg,0,1
10794.jpg,0,0
10795.jpg,0,1
10796.jpg,1,1
10797.jpg,0,1
10798.jpg,0,0
10799.jpg,1,0
108.jpg,0,1
1080.jpg,0,1
10800.jpg,1,1
10801.jpg,1,1
10802.jpg,0,1
10803.jpg,1,1
10804.jpg,1,0
10805.jpg,0,0
10806.jpg,1,1
10807.jpg,1,1
10808.jpg,0,1
10809.jpg,0,0
1081.jpg,0,0
10810.jpg,0,0
10811.jpg,1,1
10812.jpg,1,0
10813.jpg,0,0
10814.jpg,0,1
10815.jpg,0,0
10816.jpg,1,1
10817.jpg,0,0
10818.jpg,1,1
10819.jpg,1,0
1082.jpg,0,0
10820.jpg,1,1
10821.jpg,1,1
10822.jpg,0,0
10823.jpg,1,0
10824.jpg,0,1
10825.jpg,0,1
10826.jpg,1,1
10827.jpg,1,1
10828.jpg,1,1
10829.jpg,1,1
1083.jpg,1,1
10830.jpg,1,1
10831.jpg,0,0
10832.jpg,1,1
10833.jpg,0,0
10834.jpg,0,0
10835.jpg,0,1
10836.jpg,0,1
10837.jpg,0,0
10838.jpg,1,1
10839.jpg,0,1
1084.jpg,0,0
10840.jpg,0,1
10841.jpg,0,0
10842.jpg,0,0
10843.jpg,1,1
10844.jpg,0,0
10845.jpg,1,1
10846.jpg,1,1
10847.jpg,0,0
10848.jpg,1,1
10849.jpg,0,0
1085.jpg,1,1
10850.jpg,1,0
10851.jpg,1,1
10852.jpg,1,0
10853.jpg,1,1
10854.jpg,0,0
10855.jpg,0,1
10856.jpg,0,0
10857.jpg,1,1
10858.jpg,0,1
10859.jpg,1,1
1086.jpg,0,1
10860.jpg,1,1
10861.jpg,1,1
10862.jpg,1,1
10863.jpg,0,0
10864.jpg,1,1
10865.jpg,1,0
10866.jpg,1,1
10867.jpg,0,0
10868.jpg,1,1
10869.jpg,1,1
1087.jpg,0,0
10870.jpg,1,1
10871.jpg,1,1
10872.jpg,0,1
10873.jpg,0,0
10874.jpg,0,0
10875.jpg,0,0
10876.jpg,1,1
10877.jpg,1,1
10878.jpg,0,0
10879.jpg,0,0
1088.jpg,0,1
10880.jpg,0,0
10881.jpg,1,1
10882.jpg,1,1
10883.jpg,0,0
10884.jpg,1,1
10885.jpg,1,0
10886.jpg,1,0
10887.jpg,0,1
10888.jpg,0,0
10889.jpg,1,1
1089.jpg,0,1
10890.jpg,0,0
10891.jpg,0,0
10892.jpg,0,0
10893.jpg,1,0
10894.jpg,1,1
10895.jpg,0,0
10896.jpg,1,0
10897.jpg,1,1
10898.jpg,1,0
10899.jpg,0,1
109.jpg,1,0
1090.jpg,0,0
10900.jpg,1,1
10901.jpg,0,1
10902.jpg,0,0
10903.jpg,1,0
10904.jpg,1,1
10905.jpg,1,1
10906.jpg,1,1
10907.jpg,0,0
10908.jpg,1,1
10909.jpg,0,0
1091.jpg,0,0
10910.jpg,1,0
10911.jpg,1,0
10912.jpg,1,1
10913.jpg,1,1
10914.jpg,1,1
10915.jpg,1,1
10916.jpg,0,1
10917.jpg,0,0
10918.jpg,0,1
10919.jpg,0,0
1092.jpg,0,0
10920.jpg,0,0
10921.jpg,1,0
10922.jpg,0,0
10923.jpg,1,1
10924.jpg,1,1
10925.jpg,1,1
10926.jpg,1,1
10927.jpg,1,1
10928.jpg,1,1
10929.jpg,1,0
1093.jpg,0,0
10930.jpg,0,1
10931.jpg,1,0
10932.jpg,1,1
10933.jpg,1,1
10934.jpg,0,0
10935.jpg,1,0
10936.jpg,0,0
10937.jpg,1,0
10938.jpg,1,1
10939.jpg,0,0
1094.jpg,0,0
10940.jpg,1,1
10941.jpg,1,0
10942.jpg,1,0
10943.jpg,1,0
10944.jpg,1,0
10945.jpg,0,1
10946.jpg,0,0
10947.jpg,1,1
10948.jpg,1,1
10949.jpg,1,1
1095.jpg,0,0
10950.jpg,1,1
10951.jpg,1,1
10952.jpg,1,0
10953.jpg,1,1
10954.jpg,0,0
10955.jpg,0,1
10956.jpg,1,0
10957.jpg,1,1
10958.jpg,0,0
10959.jpg,0,0
1096.jpg,1,0
10960.jpg,1,1
10961.jpg,0,0
10962.jpg,1,1
10963.jpg,1,1
10964.jpg,0,0
10965.jpg,1,1
10966.jpg,1,1
10967.jpg,1,0
10968.jpg,0,1
10969.jpg,1,0
1097.jpg,1,1
10970.jpg,1,1
10971.jpg,1,1
10972.jpg,0,0
10973.jpg,1,1
10974.jpg,1,1
10975.jpg,0,0
10976.jpg,1,1
10977.jpg,1,1
10978.jpg,1,1
10979.jpg,0,1
1098.jpg,0,0
10980.jpg,0,0
10981.jpg,0,0
10982.jpg,0,0
10983.jpg,1,1
10984.jpg,1,0
10985.jpg,0,1
10986.jpg,1,1
10987.jpg,0,0
10988.jpg,1,1
10989.jpg,0,1
1099.jpg,1,1
10990.jpg,1,1
10991.jpg,0,0
10992.jpg,1,1
10993.jpg,0,0
10994.jpg,1,0
10995.jpg,1,1
10996.jpg,0,1
10997.jpg,1,0
10998.jpg,1,1
10999.jpg,0,1
11.jpg,1,0
110.jpg,1,1
1100.jpg,0,0
11000.jpg,1,0
11001.jpg,0,0
11002.jpg,0,1
11003.jpg,1,1
11004.jpg,0,0
11005.jpg,1,1
11006.jpg,0,0
11007.jpg,1,1
11008.jpg,0,1
11009.jpg,1,1
1101.jpg,1,1
11010.jpg,0,1
11011.jpg,0,0
11012.jpg,0,0
11013.jpg,0,0
11014.jpg,1,0
11015.jpg,1,1
11016.jpg,0,0
11017.jpg,1,0
11018.jpg,1,1
11019.jpg,1,1
1102.jpg,0,0
11020.jpg,0,0
11021.jpg,1,1
11022.jpg,1,1
11023.jpg,0,0
11024.jpg,0,0
11025.jpg,0,1
11026.jpg,0,0
11027.jpg,1,0
11028.jpg,0,0
11029.jpg,1,1
1103.jpg,0,0
11030.jpg,1,1
11031.jpg,0,0
11032.jpg,0,1
11033.jpg,1,1
11034.jpg,1,1
11035.jpg,0,1
11036.jpg,0,0
11037.jpg,0,0
11038.jpg,1,1
11039.jpg,1,1
1104.jpg,0,0
11040.jpg,1,0
11041.jpg,1,1
11042.jpg,0,0
11043.jpg,1,1
11044.jpg,1,1
11045.jpg,1,1
11046.jpg,0,1
11047.jpg,1,0
11048.jpg,1,1
11049.jpg,0,0
1105.jpg,1,0
11050.jpg,1,1
11051.jpg,0,0
11052.jpg,0,0
11053.jpg,1,0
11054.jpg,0,0
11055.jpg,0,0
11056.jpg,0,0
11057.jpg,0,0
11058.jpg,0,1
11059.jpg,1,1
1106.jpg,0,0
11060.jpg,1,0
11061.jpg,0,1
11062.jpg,0,1
11063.jpg,0,0
11064.jpg,0,0
11065.jpg,1,1
11066.jpg,0,0
11067.jpg,0,0
11068.jpg,0,0
11069.jpg,1,1
1107.jpg,1,0
11070.jpg,1,1
11071.jpg,1,1
11072.jpg,1,0
11073.jpg,0,0
11074.jpg,1,0
11075.jpg,1,0
11076.jpg,0,1
11077.jpg,0,0
11078.jpg,1,1
11079.jpg,1,1
1108.jpg,1,1
11080.jpg,1,1
11081.jpg,0,0
11082.jpg,0,0
11083.jpg,1,0
11084.jpg,1,1
11085.jpg,0,0
11086.jpg,1,0
11087.jpg,0,0
11088.jpg,0,1
11089.jpg,1,0
1109.jpg,1,1
11090.jpg,0,1
11091.jpg,0,0
11092.jpg,0,0
11093.jpg,1,1
11094.jpg,1,1
11095.jpg,1,0
11096.jpg,1,0
11097.jpg,0,0
11098.jpg,1,1
11099.jpg,0,0
111.jpg,0,1
1110.jpg,0,1
11100.jpg,1,1
11101.jpg,0,0
11102.jpg,1,1
11103.jpg,1,1
11104.jpg,1,0
11105.jpg,0,0
11106.jpg,0,0
11107.jpg,1,0
11108.jpg,0,0
11109.jpg,0,0
1111.jpg,1,1
11110.jpg,1,1
11111.jpg,0,0
11112.jpg,1,1
11113.jpg,0,0
11114.jpg,1,1
11115.jpg,1,0
11116.jpg,0,0
11117.jpg,1,0
11118.jpg,0,0
11119.jpg,0,1
1112.jpg,0,0
11120.jpg,1,0
11121.jpg,0,1
11122.jpg,1,0
11123.jpg,0,1
11124.jpg,0,0
11125.jpg,0,0
11126.jpg,0,1
11127.jpg,0,0
11128.jpg,0,0
11129.jpg,1,0
1113.jpg,0,1
11130.jpg,0,0
11131.jpg,1,0
11132.jpg,1,0
11133.jpg,1,1
11134.jpg,1,1
11135.jpg,0,0
11136.jpg,0,0
11137.jpg,0,0
11138.jpg,0,0
11139.jpg,0,1
1114.jpg,1,1
11140.jpg,1,0
11141.jpg,0,1
11142.jpg,0,1
11143.jpg,1,0
11144.jpg,0,0
11145.jpg,1,1
11146.jpg,0,0
11147.jpg,1,1
11148.jpg,0,0
11149.jpg,1,1
1115.jpg,1,1
11150.jpg,0,1
11151.jpg,1,0
11152.jpg,0,1
11153.jpg,1,1
11154.jpg,0,1
11155.jpg,0,1
11156.jpg,0,0
11157.jpg,1,1
11158.jpg,1,1
11159.jpg,0,0
1116.jpg,1,1
11160.jpg,1,1
11161.jpg,0,1
11162.jpg,0,0
11163.jpg,1,1
11164.jpg,0,0
11165.jpg,0,0
11166.jpg,1,0
11167.jpg,1,1
11168.jpg,0,1
11169.jpg,1,1
1117.jpg,0,0
11170.jpg,0,0
11171.jpg,1,1
11172.jpg,1,1
11173.jpg,0,0
11174.jpg,0,0
11175.jpg,0,0
11176.jpg,0,1
11177.jpg,1,1
11178.jpg,0,1
11179.jpg,1,1
1118.jpg,1,1
11180.jpg,0,0
11181.jpg,1,0
11182.jpg,0,1
11183.jpg,1,0
11184.jpg,1,1
11185.jpg,1,1
11186.jpg,1,0
11187.jpg,0,1
11188.jpg,0,1
11189.jpg,1,1
1119.jpg,0,0
11190.jpg,1,1
11191.jpg,1,1
11192.jpg,0,0
11193.jpg,1,1
11194.jpg,1,1
11195.jpg,0,0
11196.jpg,1,1
11197.jpg,1,1
11198.jpg,1,1
11199.jpg,1,1
112.jpg,0,0
1120.jpg,0,0
11200.jpg,0,1
11201.jpg,0,0
11202.jpg,0,0
11203.jpg,0,0
11204.jpg,1,1
11205.jpg,1,1
11206.jpg,1,1
11207.jpg,0,0
11208.jpg,0,0
11209.jpg,1,1
1121.jpg,1,1
11210.jpg,0,0
11211.jpg,0,0
11212.jpg,0,0
11213.jpg,1,1
11214.jpg,1,1
11215.jpg,0,0
11216.jpg,1,0
11217.jpg,1,1
11218.jpg,1,0
11219.jpg,1,0
1122.jpg,1,0
11220.jpg,0,0
11221.jpg,1,1
11222.jpg,1,0
11223.jpg,0,0
11224.jpg,0,1
11225.jpg,1,0
11226.jpg,0,0
11227.jpg,0,0
11228.jpg,1,1
11229.jpg,0,1
1123.jpg,0,0
11230.jpg,0,0
11231.jpg,1,1
11232.jpg,1,0
11233.jpg,0,0
11234.jpg,0,1
11235.jpg,0,1
11236.jpg,0,0
11237.jpg,1,0
11238.jpg,0,0
11239.jpg,1,1
1124.jpg,0,1
11240.jpg,1,0
11241.jpg,0,0
11242.jpg,0,0
11243.jpg,1,1
11244.jpg,0,1
11245.jpg,1,0
11246.jpg,0,0
11247.jpg,0,1
11248.jpg,1,1
11249.jpg,0,0
1125.jpg,0,0
11250.jpg,1,1
11251.jpg,1,0
11252.jpg,0,0
11253.jpg,0,0
11254.jpg,0,0
11255.jpg,1,1
11256.jpg,1,1
11257.jpg,1,1
11258.jpg,1,0
11259.jpg,0,0
1126.jpg,0,1
11260.jpg,1,1
11261.jpg,1,0
11262.jpg,0,1
11263.jpg,1,0
11264.jpg,1,0
11265.jpg,0,0
11266.jpg,0,1
11267.jpg,0,1
11268.jpg,0,0
11269.jpg,0,1
1127.jpg,1,0
11270.jpg,0,0
11271.jpg,0,0
11272.jpg,1,0
11273.jpg,0,0
11274.jpg,1,1
11275.jpg,0,0
11276.jpg,1,1
11277.jpg,0,0
11278.jpg,1,0
11279.jpg,0,0
1128.jpg,0,1
11280.jpg,0,0
11281.jpg,0,0
11282.jpg,1,0
11283.jpg,1,1
11284.jpg,1,0
11285.jpg,0,0
11286.jpg,1,1
11287.jpg,1,1
11288.jpg,0,0
11289.jpg,0,0
1129.jpg,0,1
11290.jpg,1,0
11291.jpg,0,1
11292.jpg,0,1
11293.jpg,0,1
11294.jpg,0,1
11295.jpg,1,1
11296.jpg,0,1
11297.jpg,0,0
11298.jpg,1,1
11299.jpg,1,0
113.jpg,0,0
1130.jpg,1,0
11300.jpg,1,1
11301.jpg,1,1
11302.jpg,1,1
11303.jpg,1,1
11304.jpg,1,1
11305.jpg,1,0
11306.jpg,1,1
11307.jpg,1,0
11308.jpg,1,0
11309.jpg,0,1
1131.jpg,0,0
11310.jpg,1,1
11311.jpg,1,1
11312.jpg,0,1
11313.jpg,0,1
11314.jpg,0,0
11315.jpg,0,0
11316.jpg,1,1
11317.jpg,1,1
11318.jpg,0,1
11319.jpg,0,0
1132.jpg,0,1
11320.jpg,0,0
11321.jpg,0,1
11322.jpg,1,1
11323.jpg,1,0
11324.jpg,0,0
11325.jpg,0,0
11326.jpg,1,1
11327.jpg,1,1
11328.jpg,0,1
11329.jpg,0,0
1133.jpg,0,1
11330.jpg,1,0
11331.jpg,1,0
11332.jpg,1,1
11333.jpg,1,1
11334.jpg,1,0
11335.jpg,1,1
11336.jpg,0,1
11337.jpg,0,0
11338.jpg,1,1
11339.jpg,1,1
1134.jpg,1,1
11340.jpg,0,0
11341.jpg,0,1
11342.jpg,0,1
11343.jpg,1,1
11344.jpg,0,0
11345.jpg,1,1
11346.jpg,1,1
11347.jpg,0,1
11348.jpg,0,1
11349.jpg,0,0
1135.jpg,0,1
11350.jpg,0,1
11351.jpg,1,1
11352.jpg,0,1
11353.jpg,1,1
11354.jpg,1,0
11355.jpg,0,0
11356.jpg,0,0
11357.jpg,1,1
11358.jpg,0,1
11359.jpg,0,1
1136.jpg,1,0
11360.jpg,0,1
11361.jpg,1,1
11362.jpg,1,0
11363.jpg,0,1
11364.jpg,0,0
11365.jpg,1,1
11366.jpg,0,1
11367.jpg,0,1
11368.jpg,1,1
11369.jpg,0,0
1137.jpg,1,1
11370.jpg,0,1
11371.jpg,1,1
11372.jpg,0,0
11373.jpg,1,1
11374.jpg,0,0
11375.jpg,0,0
11376.jpg,1,1
11377.jpg,1,1
11378.jpg,0,0
11379.jpg,0,1
1138.jpg,1,0
11380.jpg,0,1
11381.jpg,0,0
11382.jpg,0,1
11383.jpg,1,0
11384.jpg,1,1
11385.jpg,0,1
11386.jpg,0,0
11387.jpg,1,1
11388.jpg,1,0
11389.jpg,0,0
1139.jpg,1,0
11390.jpg,0,1
11391.jpg,0,0
11392.jpg,0,0
11393.jpg,0,1
11394.jpg,0,1
11395.jpg,1,1
11396.jpg,0,0
11397.jpg,1,1
11398.jpg,1,1
11399.jpg,0,0
114.jpg,1,1
1140.jpg,1,0
11400.jpg,1,1
11401.jpg,0,0
11402.jpg,0,0
11403.jpg,1,0
11404.jpg,0,1
11405.jpg,0,0
11406.jpg,1,0
11407.jpg,0,0
11408.jpg,1,1
11409.jpg,1,0
1141.jpg,0,0
11410.jpg,0,0
11411.jpg,1,1
11412.jpg,1,0
11413.jpg,1,0
11414.jpg,1,1
11415.jpg,0,0
11416.jpg,0,0
11417.jpg,1,0
11418.jpg,0,0
11419.jpg,1,1
1142.jpg,0,0
11420.jpg,1,1
11421.jpg,1,1
11422.jpg,0,0
11423.jpg,1,1
11424.jpg,0,0
11425.jpg,1,0
11426.jpg,1,0
11427.jpg,1,0
11428.jpg,0,0
11429.jpg,1,1
1143.jpg,0,1
11430.jpg,1,1
11431.jpg,0,1
11432.jpg,0,0
11433.jpg,1,1
11434.jpg,1,1
11435.jpg,1,1
11436.jpg,0,1
11437.jpg,1,1
11438.jpg,1,0
11439.jpg,0,1
1144.jpg,1,1
11440.jpg,1,1
11441.jpg,1,1
11442.jpg,1,1
11443.jpg,0,0
11444.jpg,0,0
11445.jpg,0,1
11446.jpg,1,1
11447.jpg,1,1
11448.jpg,1,1
11449.jpg,1,0
1145.jpg,0,0
11450.jpg,0,0
11451.jpg,0,1
11452.jpg,0,0
11453.jpg,1,1
11454.jpg,1,1
11455.jpg,1,1
11456.jpg,0,0
11457.jpg,0,1
11458.jpg,0,0
11459.jpg,0,0
1146.jpg,1,0
11460.jpg,0,0
11461.jpg,0,0
11462.jpg,1,0
11463.jpg,1,1
11464.jpg,0,0
11465.jpg,1,1
11466.jpg,0,1
11467.jpg,1,1
11468.jpg,1,1
11469.jpg,0,0
1147.jpg,1,0
11470.jpg,0,1
11471.jpg,0,0
11472.jpg,0,0
11473.jpg,1,1
11474.jpg,1,1
11475.jpg,0,1
11476.jpg,0,0
11477.jpg,0,0
11478.jpg,0,0
11479.jpg,1,1
1148.jpg,1,0
11480.jpg,0,1
11481.jpg,1,1
11482.jpg,1,0
11483.jpg,0,0
11484.jpg,1,1
11485.jpg,0,0
11486.jpg,1,0
11487.jpg,0,0
11488.jpg,0,0
11489.jpg,1,0
1149.jpg,0,1
11490.jpg,0,0
11491.jpg,0,1
11492.jpg,1,0
11493.jpg,1,1
11494.jpg,1,0
11495.jpg,0,0
11496.jpg,0,0
11497.jpg,0,0
11498.jpg,1,0
11499.jpg,1,0
115.jpg,1,0
1150.jpg,1,1
11500.jpg,0,0
11501.jpg,1,0
11502.jpg,0,0
11503.jpg,1,1
11504.jpg,0,0
11505.jpg,0,0
11506.jpg,1,1
11507.jpg,1,1
11508.jpg,0,1
11509.jpg,0,0
1151.jpg,1,1
11510.jpg,0,0
11511.jpg,1,1
11512.jpg,1,1
11513.jpg,1,1
11514.jpg,1,0
11515.jpg,0,1
11516.jpg,1,1
11517.jpg,1,1
11518.jpg,0,0
11519.jpg,0,0
1152.jpg,1,0
11520.jpg,1,1
11521.jpg,0,0
11522.jpg,0,1
11523.jpg,1,1
11524.jpg,0,0
11525.jpg,0,0
11526.jpg,1,0
11527.jpg,1,1
11528.jpg,1,1
11529.jpg,0,0
1153.jpg,0,0
11530.jpg,1,0
11531.jpg,0,1
11532.jpg,1,0
11533.jpg,1,1
11534.jpg,0,0
11535.jpg,1,1
11536.jpg,0,1
11537.jpg,1,1
11538.jpg,1,1
11539.jpg,1,1
1154.jpg,1,1
11540.jpg,0,1
11541.jpg,0,1
11542.jpg,0,0
11543.jpg,0,0
11544.jpg,0,1
11545.jpg,0,0
11546.jpg,1,0
11547.jpg,0,0
11548.jpg,0,1
11549.jpg,1,0
1155.jpg,1,1
11550.jpg,0,0
11551.jpg,0,1
11552.jpg,0,0
11553.jpg,0,1
11554.jpg,1,0
11555.jpg,1,1
11556.jpg,0,0
11557.jpg,1,1
11558.jpg,0,0
11559.jpg,1,1
1156.jpg,1,1
11560.jpg,1,0
11561.jpg,0,1
11562.jpg,0,0
11563.jpg,0,0
11564.jpg,0,1
11565.jpg,0,0
11566.jpg,0,0
11567.jpg,0,0
11568.jpg,0,0
11569.jpg,0,0
1157.jpg,1,0
11570.jpg,0,1
11571.jpg,1,1
11572.jpg,0,1
11573.jpg,0,0
11574.jpg,0,1
11575.jpg,0,0
11576.jpg,1,1
11577.jpg,1,1
11578.jpg,1,1
11579.jpg,1,1
1158.jpg,0,1
11580.jpg,1,1
11581.jpg,0,0
11582.jpg,0,1
11583.jpg,0,1
11584.jpg,1,1
11585.jpg,1,1
11586.jpg,0,1
11587.jpg,1,1
11588.jpg,0,0
11589.jpg,0,0
1159.jpg,0,1
11590.jpg,1,1
11591.jpg,1,1
11592.jpg,1,1
11593.jpg,1,0
11594.jpg,1,1
11595.jpg,1,0
11596.jpg,1,0
11597.jpg,1,0
11598.jpg,0,1
11599.jpg,0,1
116.jpg,1,1
1160.jpg,1,1
11600.jpg,0,1
11601.jpg,1,1
11602.jpg,0,0
11603.jpg,1,0
11604.jpg,1,0
11605.jpg,0,0
11606.jpg,0,0
11607.jpg,1,1
11608.jpg,1,1
11609.jpg,0,1
1161.jpg,1,1
11610.jpg,0,0
11611.jpg,1,1
11612.jpg,0,1
11613.jpg,0,0
11614.jpg,1,1
11615.jpg,1,0
11616.jpg,0,0
11617.jpg,0,0
11618.jpg,1,0
11619.jpg,0,1
1162.jpg,0,0
11620.jpg,0,0
11621.jpg,1,1
11622.jpg,1,0
11623.jpg,0,1
11624.jpg,0,0
11625.jpg,0,1
11626.jpg,1,1
11627.jpg,1,1
11628.jpg,0,0
11629.jpg,1,0
1163.jpg,1,0
11630.jpg,0,0
11631.jpg,1,1
11632.jpg,0,1
11633.jpg,1,1
11634.jpg,0,1
11635.jpg,1,1
11636.jpg,1,1
11637.jpg,0,1
11638.jpg,1,0
11639.jpg,1,1
1164.jpg,0,0
11640.jpg,0,0
11641.jpg,1,1
11642.jpg,0,0
11643.jpg,1,1
11644.jpg,1,0
11645.jpg,1,1
11646.jpg,1,1
11647.jpg,1,1
11648.jpg,0,1
11649.jpg,1,0
1165.jpg,0,0
11650.jpg,1,1
11651.jpg,1,0
11652.jpg,0,1
11653.jpg,0,0
11654.jpg,0,0
11655.jpg,1,1
11656.jpg,1,1
11657.jpg,0,1
11658.jpg,0,0
11659.jpg,0,1
1166.jpg,0,0
11660.jpg,0,1
11661.jpg,0,1
11662.jpg,0,0
11663.jpg,1,0
11664.jpg,1,1
11665.jpg,1,0
11666.jpg,0,0
11667.jpg,1,0
11668.jpg,1,0
11669.jpg,0,1
1167.jpg,1,1
11670.jpg,0,1
11671.jpg,0,1
11672.jpg,0,0
11673.jpg,0,0
11674.jpg,1,0
11675.jpg,0,0
11676.jpg,1,1
11677.jpg,1,1
11678.jpg,0,0
11679.jpg,1,1
1168.jpg,1,1
11680.jpg,0,0
11681.jpg,1,1
11682.jpg,0,1
11683.jpg,1,1
11684.jpg,0,1
11685.jpg,1,1
11686.jpg,1,1
11687.jpg,0,1
11688.jpg,0,1
11689.jpg,0,1
1169.jpg,0,1
11690.jpg,1,0
11691.jpg,1,1
11692.jpg,0,1
11693.jpg,1,1
11694.jpg,0,1
11695.jpg,0,1
11696.jpg,1,1
11697.jpg,1,1
11698.jpg,1,1
11699.jpg,0,1
117.jpg,0,1
1170.jpg,0,1
11700.jpg,0,0
11701.jpg,1,1
11702.jpg,0,0
11703.jpg,1,0
11704.jpg,1,1
11705.jpg,0,1
11706.jpg,0,0
11707.jpg,1,0
11708.jpg,1,0
11709.jpg,0,0
1171.jpg,0,1
11710.jpg,0,0
11711.jpg,0,0
11712.jpg,0,1
11713.jpg,0,0
11714.jpg,1,0
11715.jpg,1,1
11716.jpg,1,1
11717.jpg,0,1
11718.jpg,1,1
11719.jpg,0,0
1172.jpg,1,1
11720.jpg,1,1
11721.jpg,1,0
11722.jpg,0,0
11723.jpg,0,0
11724.jpg,0,0
11725.jpg,0,0
11726.jpg,1,1
11727.jpg,1,1
11728.jpg,1,0
11729.jpg,0,1
1173.jpg,0,0
11730.jpg,1,0
11731.jpg,0,1
11732.jpg,0,0
11733.jpg,0,0
11734.jpg,0,0
11735.jpg,0,1
11736.jpg,1,1
11737.jpg,1,1
11738.jpg,0,1
11739.jpg,1,1
1174.jpg,1,1
11740.jpg,1,1
11741.jpg,1,1
11742.jpg,1,1
11743.jpg,1,1
11744.jpg,1,1
11745.jpg,0,0
11746.jpg,0,1
11747.jpg,0,1
11748.jpg,0,1
11749.jpg,1,1
1175.jpg,0,0
11750.jpg,1,0
11751.jpg,0,0
11752.jpg,0,0
11753.jpg,1,1
11754.jpg,1,1
11755.jpg,0,0
11756.jpg,1,1
11757.jpg,0,0
11758.jpg,1,0
11759.jpg,0,0
1176.jpg,0,1
11760.jpg,1,0
11761.jpg,0,1
11762.jpg,1,0
11763.jpg,1,0
11764.jpg,1,0
11765.jpg,0,0
11766.jpg,1,0
11767.jpg,0,0
11768.jpg,1,1
11769.jpg,0,1
1177.jpg,0,0
11770.jpg,0,0
11771.jpg,0,0
11772.jpg,0,1
11773.jpg,1,1
11774.jpg,1,1
11775.jpg,0,1
11776.jpg,0,1
11777.jpg,0,0
11778.jpg,0,0
11779.jpg,0,1
1178.jpg,0,0
11780.jpg,1,0
11781.jpg,1,1
11782.jpg,1,1
11783.jpg,1,1
11784.jpg,0,0
11785.jpg,1,1
11786.jpg,1,1
11787.jpg,0,1
11788.jpg,1,0
11789.jpg,0,0
1179.jpg,0,0
11790.jpg,1,1
11791.jpg,1,1
11792.jpg,1,0
11793.jpg,1,1
11794.jpg,0,0
11795.jpg,1,0
11796.jpg,1,1
11797.jpg,0,0
11798.jpg,1,1
11799.jpg,1,1
118.jpg,0,1
1180.jpg,0,1
11800.jpg,0,0
11801.jpg,1,0
11802.jpg,1,1
11803.jpg,1,1
11804.jpg,1,1
11805.jpg,1,1
11806.jpg,0,1
11807.jpg,1,1
11808.jpg,0,1
11809.jpg,1,0
1181.jpg,0,1
11810.jpg,1,1
11811.jpg,0,1
11812.jpg,1,1
11813.jpg,0,1
11814.jpg,1,1
11815.jpg,0,0
11816.jpg,1,1
11817.jpg,1,0
11818.jpg,1,1
11819.jpg,0,0
1182.jpg,0,0
11820.jpg,0,1
11821.jpg,1,1
11822.jpg,0,0
11823.jpg,1,1
11824.jpg,1,1
11825.jpg,1,0
11826.jpg,0,0
11827.jpg,0,0
11828.jpg,1,0
11829.jpg,1,0
1183.jpg,1,1
11830.jpg,1,1
11831.jpg,0,0
11832.jpg,0,1
11833.jpg,0,0
11834.jpg,1,1
11835.jpg,1,1
11836.jpg,1,1
11837.jpg,0,0
11838.jpg,0,1
11839.jpg,0,0
1184.jpg,1,0
11840.jpg,1,1
11841.jpg,1,1
11842.jpg,1,1
11843.jpg,0,0
11844.jpg,0,1
11845.jpg,0,0
11846.jpg,0,0
11847.jpg,1,1
11848.jpg,1,1
11849.jpg,0,1
1185.jpg,1,1
11850.jpg,0,0
11851.jpg,1,1
11852.jpg,1,1
11853.jpg,0,0
11854.jpg,0,0
11855.jpg,1,1
11856.jpg,1,1
11857.jpg,1,1
11858.jpg,0,0
11859.jpg,1,1
1186.jpg,0,0
11860.jpg,1,0
11861.jpg,0,1
11862.jpg,1,0
11863.jpg,0,0
11864.jpg,0,0
11865.jpg,0,0
11866.jpg,1,1
11867.jpg,1,1
11868.jpg,0,0
11869.jpg,1,1
1187.jpg,1,1
11870.jpg,0,1
11871.jpg,0,0
11872.jpg,1,0
11873.jpg,1,1
11874.jpg,0,1
11875.jpg,1,0
11876.jpg,0,0
11877.jpg,1,1
11878.jpg,0,0
11879.jpg,0,0
1188.jpg,1,0
11880.jpg,1,1
11881.jpg,1,1
11882.jpg,0,0
11883.jpg,0,0
11884.jpg,0,0
11885.jpg,0,0
11886.jpg,0,0
11887.jpg,0,1
11888.jpg,0,0
11889.jpg,0,0
1189.jpg,0,0
11890.jpg,0,0
11891.jpg,1,1
11892.jpg,0,0
11893.jpg,1,1
11894.jpg,1,1
11895.jpg,1,0
11896.jpg,0,0
11897.jpg,0,0
11898.jpg,0,1
11899.jpg,1,1
119.jpg,1,1
1190.jpg,0,1
11900.jpg,0,0
11901.jpg,1,0
11902.jpg,0,0
11903.jpg,1,1
11904.jpg,1,1
11905.jpg,1,1
11906.jpg,1,1
11907.jpg,0,1
11908.jpg,0,1
11909.jpg,0,0
1191.jpg,0,0
11910.jpg,1,1
11911.jpg,0,1
11912.jpg,0,0
11913.jpg,1,0
11914.jpg,0,1
11915.jpg,1,1
11916.jpg,0,0
11917.jpg,1,0
11918.jpg,1,0
11919.jpg,1,0
1192.jpg,1,1
11920.jpg,1,0
11921.jpg,0,1
11922.jpg,1,0
11923.jpg,0,1
11924.jpg,0,0
11925.jpg,0,0
11926.jpg,0,0
11927.jpg,1,1
11928.jpg,0,0
11929.jpg,0,1
1193.jpg,1,1
11930.jpg,0,0
11931.jpg,1,1
11932.jpg,1,1
11933.jpg,1,0
11934.jpg,1,0
11935.jpg,0,1
11936.jpg,1,1
11937.jpg,0,0
11938.jpg,1,1
11939.jpg,1,0
1194.jpg,0,1
11940.jpg,1,1
11941.jpg,0,0
11942.jpg,1,1
11943.jpg,0,0
11944.jpg,0,1
11945.jpg,1,0
11946.jpg,1,1
11947.jpg,0,1
11948.jpg,1,1
11949.jpg,1,0
1195.jpg,0,0
11950.jpg,0,0
11951.jpg,1,0
11952.jpg,1,0
11953.jpg,1,1
11954.jpg,0,0
11955.jpg,0,1
11956.jpg,0,0
11957.jpg,1,0
11958.jpg,1,0
11959.jpg,0,1
1196.jpg,0,1
11960.jpg,1,0
11961.jpg,0,1
11962.jpg,0,1
11963.jpg,1,1
11964.jpg,1,0
11965.jpg,0,0
11966.jpg,1,1
11967.jpg,1,1
11968.jpg,1,1
11969.jpg,0,0
1197.jpg,1,1
11970.jpg,0,0
11971.jpg,0,0
11972.jpg,1,1
11973.jpg,0,0
11974.jpg,1,1
11975.jpg,1,0
11976.jpg,1,1
11977.jpg,1,1
11978.jpg,1,0
11979.jpg,0,1
1198.jpg,0,0
11980.jpg,1,0
11981.jpg,0,0
11982.jpg,1,1
11983.jpg,0,0
11984.jpg,1,1
11985.jpg,0,0
11986.jpg,1,1
11987.jpg,0,0
11988.jpg,1,1
11989.jpg,1,1
1199.jpg,1,1
11990.jpg,0,0
11991.jpg,1,0
11992.jpg,0,0
11993.jpg,0,1
11994.jpg,0,1
11995.jpg,0,0
11996.jpg,1,0
11997.jpg,1,1
11998.jpg,0,0
11999.jpg,0,0
12.jpg,0,1
120.jpg,0,1
1200.jpg,1,1
12000.jpg,1,1
12001.jpg,0,0
12002.jpg,0,0
12003.jpg,0,1
12004.jpg,1,1
12005.jpg,0,0
12006.jpg,1,1
12007.jpg,1,0
12008.jpg,1,1
12009.jpg,0,0
1201.jpg,1,1
12010.jpg,1,1
12011.jpg,1,1
12012.jpg,1,0
12013.jpg,0,0
12014.jpg,0,0
12015.jpg,1,1
12016.jpg,1,1
12017.jpg,0,0
12018.jpg,1,1
12019.jpg,0,0
1202.jpg,0,0
12020.jpg,1,1
12021.jpg,0,1
12022.jpg,0,1
12023.jpg,1,1
12024.jpg,0,0
12025.jpg,1,1
12026.jpg,0,0
12027.jpg,0,0
12028.jpg,0,1
12029.jpg,1,1
1203.jpg,0,1
12030.jpg,1,1
12031.jpg,1,1
12032.jpg,1,0
12033.jpg,0,0
12034.jpg,1,1
12035.jpg,0,0
12036.jpg,1,1
12037.jpg,0,1
12038.jpg,1,1
12039.jpg,1,1
1204.jpg,1,1
12040.jpg,1,0
12041.jpg,1,0
12042.jpg,0,0
12043.jpg,0,1
12044.jpg,0,0
12045.jpg,1,1
12046.jpg,1,0
12047.jpg,1,1
12048.jpg,0,0
12049.jpg,1,1
1205.jpg,0,0
12050.jpg,1,1
12051.jpg,1,1
12052.jpg,0,1
12053.jpg,0,0
12054.jpg,1,1
12055.jpg,1,1
12056.jpg,0,0
12057.jpg,0,0
12058.jpg,0,0
12059.jpg,0,1
1206.jpg,1,1
12060.jpg,0,1
12061.jpg,0,1
12062.jpg,0,0
12063.jpg,0,0
12064.jpg,1,1
12065.jpg,1,0
12066.jpg,1,0
12067.jpg,0,0
12068.jpg,1,0
12069.jpg,0,1
1207.jpg,0,1
12070.jpg,0,0
12071.jpg,1,0
12072.jpg,0,0
12073.jpg,1,1
12074.jpg,1,1
12075.jpg,1,1
12076.jpg,1,1
12077.jpg,0,0
12078.jpg,0,0
12079.jpg,1,1
1208.jpg,0,0
12080.jpg,1,1
12081.jpg,0,1
12082.jpg,0,1
12083.jpg,1,1
12084.jpg,1,0
12085.jpg,1,1
12086.jpg,1,0
12087.jpg,0,0
12088.jpg,1,1
12089.jpg,1,1
1209.jpg,0,0
12090.jpg,1,0
12091.jpg,1,1
12092.jpg,1,0
12093.jpg,1,1
12094.jpg,1,1
12095.jpg,0,1
12096.jpg,1,1
12097.jpg,0,0
12098.jpg,0,1
12099.jpg,1,1
121.jpg,0,1
1210.jpg,1,1
12100.jpg,0,1
12101.jpg,0,1
12102.jpg,0,0
12103.jpg,0,0
12104.jpg,0,0
12105.jpg,0,0
12106.jpg,0,0
12107.jpg,0,1
12108.jpg,0,1
12109.jpg,0,0
1211.jpg,1,1
12110.jpg,1,1
12111.jpg,1,1
12112.jpg,0,1
12113.jpg,1,1
12114.jpg,1,1
12115.jpg,1,1
12116.jpg,1,1
12117.jpg,1,1
12118.jpg,0,0
12119.jpg,0,0
1212.jpg,0,0
12120.jpg,0,1
12121.jpg,0,0
12122.jpg,0,0
12123.jpg,1,1
12124.jpg,0,0
12125.jpg,0,1
12126.jpg,0,0
12127.jpg,1,1
12128.jpg,1,1
12129.jpg,1,0
1213.jpg,0,0
12130.jpg,1,0
12131.jpg,0,1
12132.jpg,1,1
12133.jpg,0,0
12134.jpg,1,1
12135.jpg,0,0
12136.jpg,1,1
12137.jpg,0,0
12138.jpg,1,1
12139.jpg,0,0
1214.jpg,0,0
12140.jpg,0,1
12141.jpg,0,0
12142.jpg,1,1
12143.jpg,1,1
12144.jpg,1,0
12145.jpg,0,1
12146.jpg,0,1
12147.jpg,1,1
12148.jpg,0,0
12149.jpg,0,0
1215.jpg,1,1
12150.jpg,1,1
12151.jpg,0,0
12152.jpg,0,0
12153.jpg,0,0
12154.jpg,1,1
12155.jpg,0,1
12156.jpg,1,1
12157.jpg,0,1
12158.jpg,0,0
12159.jpg,1,1
1216.jpg,1,1
12160.jpg,0,1
12161.jpg,1,1
12162.jpg,1,1
12163.jpg,0,0
12164.jpg,0,0
12165.jpg,0,0
12166.jpg,1,1
12167.jpg,0,0
12168.jpg,0,0
12169.jpg,0,1
1217.jpg,1,1
12170.jpg,0,0
12171.jpg,1,0
12172.jpg,1,0
12173.jpg,1,1
12174.jpg,0,1
12175.jpg,1,1
12176.jpg,1,1
12177.jpg,1,1
12178.jpg,1,1
12179.jpg,0,0
1218.jpg,0,0
12180.jpg,0,0
12181.jpg,0,0
12182.jpg,0,0
12183.jpg,0,1
12184.jpg,1,1
12185.jpg,0,1
12186.jpg,0,1
12187.jpg,0,1
12188.jpg,0,1
12189.jpg,1,0
1219.jpg,1,1
12190.jpg,0,0
12191.jpg,0,1
12192.jpg,0,0
12193.jpg,1,1
12194.jpg,1,1
12195.jpg,1,0
12196.jpg,0,0
12197.jpg,1,0
12198.jpg,0,0
12199.jpg,0,0
122.jpg,0,0
1220.jpg,1,1
12200.jpg,0,0
12201.jpg,1,1
12202.jpg,1,1
12203.jpg,1,1
12204.jpg,1,1
12205.jpg,1,1
12206.jpg,0,0
12207.jpg,1,1
12208.jpg,1,0
12209.jpg,0,0
1221.jpg,1,1
12210.jpg,0,0
12211.jpg,1,0
12212.jpg,1,1
12213.jpg,1,1
12214.jpg,1,0
12215.jpg,1,1
12216.jpg,1,0
12217.jpg,0,0
12218.jpg,0,0
12219.jpg,1,1
1222.jpg,1,0
12220.jpg,0,0
12221.jpg,1,1
12222.jpg,1,1
12223.jpg,0,0
12224.jpg,0,0
12225.jpg,1,1
12226.jpg,1,1
12227.jpg,0,0
12228.jpg,0,0
12229.jpg,0,0
1223.jpg,1,1
12230.jpg,1,1
12231.jpg,1,0
12232.jpg,1,1
12233.jpg,0,0
12234.jpg,0,0
12235.jpg,0,0
12236.jpg,1,1
12237.jpg,0,0
12238.jpg,0,1
12239.jpg,0,0
1224.jpg,1,1
12240.jpg,0,0
12241.jpg,0,0
12242.jpg,1,0
12243.jpg,1,0
12244.jpg,1,1
12245.jpg,0,1
12246.jpg,1,0
12247.jpg,0,1
12248.jpg,1,1
12249.jpg,1,1
1225.jpg,0,0
12250.jpg,1,0
12251.jpg,0,0
12252.jpg,0,0
12253.jpg,1,0
12254.jpg,1,0
12255.jpg,1,1
12256.jpg,1,0
12257.jpg,1,1
12258.jpg,0,0
12259.jpg,0,0
1226.jpg,1,1
12260.jpg,0,1
12261.jpg,1,1
12262.jpg,0,0
12263.jpg,1,1
12264.jpg,0,0
12265.jpg,0,0
12266.jpg,1,1
12267.jpg,0,0
12268.jpg,0,0
12269.jpg,0,1
1227.jpg,1,1
12270.jpg,0,0
12271.jpg,1,1
12272.jpg,1,1
12273.jpg,1,1
12274.jpg,0,0
12275.jpg,1,0
12276.jpg,1,1
12277.jpg,0,0
12278.jpg,0,1
12279.jpg,0,0
1228.jpg,0,1
12280.jpg,1,0
12281.jpg,0,1
12282.jpg,1,0
12283.jpg,1,0
12284.jpg,1,1
12285.jpg,0,1
12286.jpg,0,0
12287.jpg,1,1
12288.jpg,1,0
12289.jpg,1,0
1229.jpg,1,1
12290.jpg,1,0
12291.jpg,0,0
12292.jpg,1,1
12293.jpg,0,0
12294.jpg,1,1
12295.jpg,0,0
12296.jpg,0,0
12297.jpg,1,1
12298.jpg,0,0
12299.jpg,0,0
123.jpg,1,0
1230.jpg,1,0
12300.jpg,0,0
12301.jpg,1,1
12302.jpg,1,1
12303.jpg,0,1
12304.jpg,0,0
12305.jpg,1,1
12306.jpg,1,1
12307.jpg,1,1
12308.jpg,0,1
12309.jpg,0,0
1231.jpg,1,1
12310.jpg,1,1
12311.jpg,0,0
12312.jpg,1,1
12313.jpg,1,1
12314.jpg,1,1
12315.jpg,1,1
12316.jpg,1,1
12317.jpg,0,1
12318.jpg,0,0
12319.jpg,0,0
1232.jpg,0,0
12320.jpg,1,0
12321.jpg,1,0
12322.jpg,1,1
12323.jpg,1,0
12324.jpg,1,1
12325.jpg,0,1
12326.jpg,1,0
12327.jpg,1,1
12328.jpg,1,0
12329.jpg,1,1
1233.jpg,0,0
12330.jpg,0,0
12331.jpg,0,0
12332.jpg,1,1
12333.jpg,1,1
12334.jpg,1,1
12335.jpg,1,1
12336.jpg,1,1
12337.jpg,0,0
12338.jpg,1,1
12339.jpg,0,0
1234.jpg,0,0
12340.jpg,1,1
12341.jpg,1,1
12342.jpg,0,0
12343.jpg,0,0
12344.jpg,1,0
12345.jpg,1,1
12346.jpg,1,0
12347.jpg,0,0
12348.jpg,1,0
12349.jpg,1,0
1235.jpg,1,0
12350.jpg,1,1
12351.jpg,0,0
12352.jpg,0,0
12353.jpg,1,1
12354.jpg,0,1
12355.jpg,0,1
12356.jpg,0,1
12357.jpg,1,0
12358.jpg,1,1
12359.jpg,1,0
1236.jpg,0,0
12360.jpg,1,1
12361.jpg,1,0
12362.jpg,0,1
12363.jpg,0,0
12364.jpg,0,0
12365.jpg,1,1
12366.jpg,0,0
12367.jpg,0,0
12368.jpg,0,0
12369.jpg,1,0
1237.jpg,0,0
12370.jpg,0,0
12371.jpg,0,1
12372.jpg,0,1
12373.jpg,0,1
12374.jpg,1,1
12375.jpg,1,0
12376.jpg,0,0
12377.jpg,1,0
12378.jpg,0,0
12379.jpg,0,1
1238.jpg,0,1
12380.jpg,1,1
12381.jpg,1,1
12382.jpg,0,0
12383.jpg,0,1
12384.jpg,0,0
12385.jpg,0,1
12386.jpg,1,1
12387.jpg,1,0
12388.jpg,1,1
12389.jpg,0,0
1239.jpg,0,0
12390.jpg,0,0
12391.jpg,1,0
12392.jpg,0,0
12393.jpg,1,0
12394.jpg,0,0
12395.jpg,0,1
12396.jpg,0,0
12397.jpg,0,0
12398.jpg,0,0
12399.jpg,1,0
124.jpg,0,1
1240.jpg,1,1
12400.jpg,0,0
12401.jpg,0,0
12402.jpg,1,1
12403.jpg,0,0
12404.jpg,1,0
12405.jpg,0,0
12406.jpg,1,0
12407.jpg,1,1
12408.jpg,1,1
12409.jpg,0,1
1241.jpg,1,1
12410.jpg,1,1
12411.jpg,0,0
12412.jpg,1,1
12413.jpg,0,0
12414.jpg,1,1
12415.jpg,1,1
12416.jpg,0,1
12417.jpg,0,0
12418.jpg,1,1
12419.jpg,1,0
1242.jpg,0,0
12420.jpg,0,1
12421.jpg,0,1
12422.jpg,1,1
12423.jpg,1,1
12424.jpg,0,0
12425.jpg,1,1
12426.jpg,0,0
12427.jpg,0,0
12428.jpg,1,1
12429.jpg,1,1
1243.jpg,1,1
12430.jpg,1,1
12431.jpg,0,0
12432.jpg,0,0
12433.jpg,1,0
12434.jpg,1,1
12435.jpg,0,1
12436.jpg,1,0
12437.jpg,0,1
12438.jpg,0,0
12439.jpg,0,0
1244.jpg,1,1
12440.jpg,0,1
12441.jpg,1,1
12442.jpg,0,0
12443.jpg,0,1
12444.jpg,0,0
12445.jpg,1,0
12446.jpg,1,0
12447.jpg,1,1
12448.jpg,1,1
12449.jpg,0,0
1245.jpg,1,1
12450.jpg,1,1
12451.jpg,1,0
12452.jpg,1,0
12453.jpg,0,0
12454.jpg,1,1
12455.jpg,0,0
12456.jpg,1,1
12457.jpg,0,1
12458.jpg,1,1
12459.jpg,0,0
1246.jpg,1,1
12460.jpg,1,1
12461.jpg,1,1
12462.jpg,0,1
12463.jpg,1,0
12464.jpg,0,0
12465.jpg,1,1
12466.jpg,1,1
12467.jpg,1,1
12468.jpg,0,0
12469.jpg,0,0
1247.jpg,0,0
12470.jpg,0,0
12471.jpg,0,0
12472.jpg,1,0
12473.jpg,0,0
12474.jpg,1,1
12475.jpg,0,0
12476.jpg,1,1
12477.jpg,1,0
12478.jpg,0,1
12479.jpg,1,1
1248.jpg,1,1
12480.jpg,0,1
12481.jpg,0,1
12482.jpg,0,1
12483.jpg,0,0
12484.jpg,0,0
12485.jpg,1,1
12486.jpg,0,1
12487.jpg,0,1
12488.jpg,0,0
12489.jpg,1,1
1249.jpg,1,0
12490.jpg,1,1
12491.jpg,0,0
12492.jpg,0,0
12493.jpg,0,1
12494.jpg,1,1
12495.jpg,1,1
12496.jpg,1,0
12497.jpg,1,1
12498.jpg,1,1
12499.jpg,1,1
125.jpg,0,0
1250.jpg,0,0
12500.jpg,1,0
1251.jpg,0,0
1252.jpg,1,0
1253.jpg,0,1
1254.jpg,0,0
1255.jpg,1,0
1256.jpg,1,1
1257.jpg,1,1
1258.jpg,0,0
1259.jpg,1,1
126.jpg,0,0
1260.jpg,1,1
1261.jpg,1,1
1262.jpg,1,0
1263.jpg,1,1
1264.jpg,1,0
1265.jpg,0,0
1266.jpg,0,1
1267.jpg,1,1
1268.jpg,1,1
1269.jpg,1,0
127.jpg,0,1
1270.jpg,1,0
1271.jpg,0,0
1272.jpg,0,1
1273.jpg,1,0
1274.jpg,0,0
1275.jpg,0,0
1276.jpg,1,0
1277.jpg,1,0
1278.jpg,1,1
1279.jpg,1,0
128.jpg,0,0
1280.jpg,1,0
1281.jpg,0,0
1282.jpg,0,0
1283.jpg,0,0
1284.jpg,1,1
1285.jpg,0,0
1286.jpg,0,1
1287.jpg,0,1
1288.jpg,1,1
1289.jpg,0,0
129.jpg,0,0
1290.jpg,1,1
1291.jpg,0,1
1292.jpg,0,1
1293.jpg,0,0
1294.jpg,0,0
1295.jpg,1,0
1296.jpg,1,1
1297.jpg,1,1
1298.jpg,1,0
1299.jpg,1,0
13.jpg,0,0
130.jpg,0,0
1300.jpg,1,0
1301.jpg,0,0
1302.jpg,1,1
1303.jpg,1,1
1304.jpg,0,1
1305.jpg,1,1
1306.jpg,0,0
1307.jpg,1,0
1308.jpg,0,0
1309.jpg,0,0
131.jpg,1,0
1310.jpg,1,0
1311.jpg,1,1
1312.jpg,0,0
1313.jpg,0,0
1314.jpg,1,1
1315.jpg,0,1
1316.jpg,1,0
1317.jpg,1,1
1318.jpg,0,0
1319.jpg,1,1
132.jpg,1,0
1320.jpg,0,0
1321.jpg,1,1
1322.jpg,1,0
1323.jpg,1,1
1324.jpg,0,0
1325.jpg,0,1
1326.jpg,0,0
1327.jpg,0,0
1328.jpg,0,1
1329.jpg,1,1
133.jpg,0,1
1330.jpg,0,0
1331.jpg,0,1
1332.jpg,1,1
1333.jpg,1,1
1334.jpg,1,1
1335.jpg,1,1
1336.jpg,1,0
1337.jpg,1,1
1338.jpg,1,1
1339.jpg,1,1
134.jpg,0,1
1340.jpg,0,0
1341.jpg,1,0
1342.jpg,1,1
1343.jpg,1,0
1344.jpg,1,0
1345.jpg,1,1
1346.jpg,1,1
1347.jpg,0,0
1348.jpg,1,1
1349.jpg,0,1
135.jpg,1,0
1350.jpg,0,1
1351.jpg,1,1
1352.jpg,0,0
1353.jpg,0,0
1354.jpg,1,1
1355.jpg,1,1
1356.jpg,1,1
1357.jpg,1,0
1358.jpg,1,0
1359.jpg,0,0
136.jpg,1,1
1360.jpg,0,0
1361.jpg,0,0
1362.jpg,0,0
1363.jpg,1,1
1364.jpg,0,0
1365.jpg,1,1
1366.jpg,0,0
1367.jpg,1,1
1368.jpg,0,0
1369.jpg,0,0
137.jpg,1,0
1370.jpg,0,0
1371.jpg,0,0
1372.jpg,0,1
1373.jpg,1,1
1374.jpg,1,0
1375.jpg,1,1
1376.jpg,1,0
1377.jpg,1,1
1378.jpg,1,0
1379.jpg,1,0
138.jpg,1,0
1380.jpg,1,1
1381.jpg,1,1
1382.jpg,1,1
1383.jpg,0,1
1384.jpg,0,1
1385.jpg,0,0
1386.jpg,0,1
1387.jpg,1,0
1388.jpg,1,0
1389.jpg,1,1
139.jpg,0,0
1390.jpg,0,0
1391.jpg,0,1
1392.jpg,1,1
1393.jpg,0,0
1394.jpg,0,0
1395.jpg,0,1
1396.jpg,1,1
1397.jpg,1,1
1398.jpg,0,0
1399.jpg,1,1
14.jpg,1,0
140.jpg,1,0
1400.jpg,1,0
1401.jpg,1,1
1402.jpg,0,0
1403.jpg,0,0
1404.jpg,1,0
1405.jpg,0,0
1406.jpg,0,0
1407.jpg,0,0
1408.jpg,0,0
1409.jpg,0,1
141.jpg,0,0
1410.jpg,1,1
1411.jpg,1,1
1412.jpg,0,1
1413.jpg,0,0
1414.jpg,0,0
1415.jpg,0,0
1416.jpg,0,0
1417.jpg,1,0
1418.jpg,1,1
1419.jpg,1,1
142.jpg,0,1
1420.jpg,0,0
1421.jpg,1,1
1422.jpg,1,1
1423.jpg,1,1
1424.jpg,0,1
1425.jpg,1,0
1426.jpg,0,0
1427.jpg,0,0
1428.jpg,1,1
1429.jpg,0,0
143.jpg,1,1
1430.jpg,1,0
1431.jpg,0,0
1432.jpg,1,1
1433.jpg,1,1
1434.jpg,0,0
1435.jpg,0,1
1436.jpg,1,1
1437.jpg,1,1
1438.jpg,1,0
1439.jpg,1,1
144.jpg,1,1
1440.jpg,1,1
1441.jpg,0,1
1442.jpg,0,0
1443.jpg,0,0
1444.jpg,1,1
1445.jpg,1,1
1446.jpg,0,0
1447.jpg,1,1
1448.jpg,0,1
1449.jpg,0,0
145.jpg,1,1
1450.jpg,0,0
1451.jpg,1,1
1452.jpg,1,0
1453.jpg,0,0
1454.jpg,1,1
1455.jpg,1,0
1456.jpg,0,0
1457.jpg,0,1
1458.jpg,1,1
1459.jpg,1,1
146.jpg,0,1
1460.jpg,0,0
1461.jpg,0,0
1462.jpg,0,0
1463.jpg,1,0
1464.jpg,0,0
1465.jpg,1,1
1466.jpg,1,1
1467.jpg,0,0
1468.jpg,1,0
1469.jpg,0,0
147.jpg,1,0
1470.jpg,1,1
1471.jpg,0,0
1472.jpg,1,1
1473.jpg,0,0
1474.jpg,0,0
1475.jpg,0,0
1476.jpg,1,1
1477.jpg,1,1
1478.jpg,0,1
1479.jpg,1,1
148.jpg,1,0
1480.jpg,1,1
1481.jpg,0,0
1482.jpg,0,0
1483.jpg,1,1
1484.jpg,0,0
1485.jpg,1,1
1486.jpg,1,1
1487.jpg,0,1
1488.jpg,0,0
1489.jpg,0,0
149.jpg,0,1
1490.jpg,1,1
1491.jpg,0,1
1492.jpg,1,1
1493.jpg,0,1
1494.jpg,1,0
1495.jpg,1,1
1496.jpg,0,0
1497.jpg,1,0
1498.jpg,1,0
1499.jpg,1,1
15.jpg,0,0
150.jpg,0,1
1500.jpg,0,0
1501.jpg,0,0
1502.jpg,0,1
1503.jpg,0,1
1504.jpg,0,1
1505.jpg,0,1
1506.jpg,1,1
1507.jpg,0,1
1508.jpg,1,1
1509.jpg,0,0
151.jpg,0,0
1510.jpg,1,0
1511.jpg,1,1
1512.jpg,0,1
1513.jpg,0,1
1514.jpg,0,0
1515.jpg,1,1
1516.jpg,1,1
1517.jpg,1,0
1518.jpg,1,1
1519.jpg,1,1
152.jpg,0,0
1520.jpg,1,1
1521.jpg,0,0
1522.jpg,0,0
1523.jpg,1,0
1524.jpg,0,0
1525.jpg,0,1
1526.jpg,0,0
1527.jpg,1,1
1528.jpg,0,0
1529.jpg,1,1
153.jpg,0,0
1530.jpg,1,1
1531.jpg,0,0
1532.jpg,1,0
1533.jpg,1,0
1534.jpg,0,0
1535.jpg,1,1
1536.jpg,1,0
1537.jpg,1,1
1538.jpg,1,0
1539.jpg,0,0
154.jpg,1,0
1540.jpg,1,0
1541.jpg,1,1
1542.jpg,1,0
1543.jpg,0,0
1544.jpg,1,0
1545.jpg,1,1
1546.jpg,0,0
1547.jpg,1,0
1548.jpg,1,1
1549.jpg,1,0
155.jpg,0,0
1550.jpg,0,0
1551.jpg,1,1
1552.jpg,1,1
1553.jpg,0,0
1554.jpg,1,0
1555.jpg,1,1
1556.jpg,1,1
1557.jpg,1,1
1558.jpg,0,0
1559.jpg,1,1
156.jpg,1,0
1560.jpg,1,1
1561.jpg,1,1
1562.jpg,1,1
1563.jpg,0,0
1564.jpg,0,0
1565.jpg,1,0
1566.jpg,1,0
1567.jpg,0,0
1568.jpg,1,0
1569.jpg,1,0
157.jpg,1,0
1570.jpg,1,0
1571.jpg,1,1
1572.jpg,1,1
1573.jpg,0,0
1574.jpg,1,1
1575.jpg,0,0
1576.jpg,0,0
1577.jpg,1,1
1578.jpg,0,0
1579.jpg,0,0
158.jpg,0,0
1580.jpg,1,1
1581.jpg,1,1
1582.jpg,0,1
1583.jpg,0,0
1584.jpg,1,0
1585.jpg,1,1
1586.jpg,1,1
1587.jpg,0,0
1588.jpg,0,0
1589.jpg,0,0
159.jpg,1,1
1590.jpg,0,1
1591.jpg,1,1
1592.jpg,0,0
1593.jpg,0,0
1594.jpg,1,1
1595.jpg,1,1
1596.jpg,0,1
1597.jpg,0,0
1598.jpg,0,0
1599.jpg,1,1
16.jpg,1,1
160.jpg,0,0
1600.jpg,1,1
1601.jpg,0,1
1602.jpg,0,0
1603.jpg,1,1
1604.jpg,1,1
1605.jpg,1,1
1606.jpg,1,1
1607.jpg,0,0
1608.jpg,0,0
1609.jpg,1,1
161.jpg,0,0
1610.jpg,1,0
1611.jpg,0,1
1612.jpg,0,0
1613.jpg,1,1
1614.jpg,1,1
1615.jpg,0,0
1616.jpg,1,0
1617.jpg,1,1
1618.jpg,0,0
1619.jpg,0,0
162.jpg,1,1
1620.jpg,0,1
1621.jpg,0,1
1622.jpg,0,0
1623.jpg,0,1
1624.jpg,1,1
1625.jpg,0,0
1626.jpg,1,1
1627.jpg,0,0
1628.jpg,1,1
1629.jpg,0,1
163.jpg,0,0
1630.jpg,1,0
1631.jpg,1,1
1632.jpg,1,0
1633.jpg,0,1
1634.jpg,1,0
1635.jpg,0,0
1636.jpg,0,1
1637.jpg,0,0
1638.jpg,0,0
1639.jpg,1,0
164.jpg,1,1
1640.jpg,0,0
1641.jpg,0,0
1642.jpg,1,1
1643.jpg,0,1
1644.jpg,0,0
1645.jpg,1,1
1646.jpg,0,1
1647.jpg,0,0
1648.jpg,0,1
1649.jpg,0,0
165.jpg,1,0
1650.jpg,0,0
1651.jpg,0,0
1652.jpg,0,1
1653.jpg,1,0
1654.jpg,1,1
1655.jpg,1,1
1656.jpg,0,0
1657.jpg,0,0
1658.jpg,0,0
1659.jpg,0,1
166.jpg,0,0
1660.jpg,0,0
1661.jpg,1,0
1662.jpg,1,0
1663.jpg,0,0
1664.jpg,0,0
1665.jpg,1,0
1666.jpg,0,0
1667.jpg,1,1
1668.jpg,1,0
1669.jpg,1,0
167.jpg,0,0
1670.jpg,1,0
1671.jpg,1,1
1672.jpg,1,1
1673.jpg,0,0
1674.jpg,0,0
1675.jpg,0,0
1676.jpg,0,0
1677.jpg,1,1
1678.jpg,0,0
1679.jpg,1,1
168.jpg,1,1
1680.jpg,1,1
1681.jpg,1,1
1682.jpg,0,0
1683.jpg,0,1
1684.jpg,1,1
1685.jpg,1,1
1686.jpg,1,1
1687.jpg,1,0
1688.jpg,1,1
1689.jpg,0,1
169.jpg,0,1
1690.jpg,1,0
1691.jpg,1,0
1692.jpg,1,0
1693.jpg,1,1
1694.jpg,1,1
1695.jpg,1,0
1696.jpg,0,0
1697.jpg,0,0
1698.jpg,0,0
1699.jpg,1,0
17.jpg,0,0
170.jpg,0,0
1700.jpg,0,1
1701.jpg,1,1
1702.jpg,1,0
1703.jpg,0,0
1704.jpg,0,1
1705.jpg,1,0
1706.jpg,1,1
1707.jpg,0,0
1708.jpg,0,1
1709.jpg,0,0
171.jpg,0,1
1710.jpg,1,1
1711.jpg,0,1
1712.jpg,0,0
1713.jpg,1,1
1714.jpg,1,1
1715.jpg,0,1
1716.jpg,1,1
1717.jpg,0,0
1718.jpg,0,0
1719.jpg,0,0
172.jpg,0,0
1720.jpg,1,1
1721.jpg,0,0
1722.jpg,1,1
1723.jpg,0,0
1724.jpg,0,1
1725.jpg,1,1
1726.jpg,0,0
1727.jpg,0,0
1728.jpg,0,0
1729.jpg,0,0
173.jpg,0,0
1730.jpg,0,0
1731.jpg,1,1
1732.jpg,0,1
1733.jpg,0,0
1734.jpg,1,1
1735.jpg,0,0
1736.jpg,1,0
1737.jpg,1,0
1738.jpg,0,1
1739.jpg,0,0
174.jpg,0,1
1740.jpg,0,0
1741.jpg,0,0
1742.jpg,0,1
1743.jpg,1,1
1744.jpg,1,1
1745.jpg,0,0
1746.jpg,0,1
1747.jpg,0,0
1748.jpg,1,1
1749.jpg,1,1
175.jpg,0,0
1750.jpg,1,1
1751.jpg,1,1
1752.jpg,1,0
1753.jpg,0,1
1754.jpg,1,1
1755.jpg,1,1
1756.jpg,0,0
1757.jpg,0,0
1758.jpg,0,0
1759.jpg,1,0
176.jpg,0,0
1760.jpg,1,1
1761.jpg,1,1
1762.jpg,1,0
1763.jpg,0,0
1764.jpg,1,1
1765.jpg,0,0
1766.jpg,1,1
1767.jpg,0,0
1768.jpg,0,0
1769.jpg,0,0
177.jpg,1,0
1770.jpg,1,0
1771.jpg,1,1
1772.jpg,0,1
1773.jpg,1,1
1774.jpg,1,0
1775.jpg,0,0
1776.jpg,0,0
1777.jpg,0,0
1778.jpg,0,1
1779.jpg,0,0
178.jpg,1,0
1780.jpg,0,0
1781.jpg,0,0
1782.jpg,0,0
1783.jpg,1,1
1784.jpg,0,0
1785.jpg,1,1
1786.jpg,1,1
1787.jpg,1,0
1788.jpg,0,0
1789.jpg,1,1
179.jpg,1,1
1790.jpg,0,0
1791.jpg,1,1
1792.jpg,1,1
1793.jpg,0,0
1794.jpg,1,0
1795.jpg,0,0
1796.jpg,1,1
1797.jpg,0,1
1798.jpg,0,0
1799.jpg,1,1
18.jpg,1,1
180.jpg,1,1
1800.jpg,0,0
1801.jpg,1,0
1802.jpg,1,1
1803.jpg,1,1
1804.jpg,0,0
1805.jpg,1,1
1806.jpg,1,1
1807.jpg,1,1
1808.jpg,1,1
1809.jpg,1,1
181.jpg,0,1
1810.jpg,0,0
1811.jpg,0,1
1812.jpg,0,1
1813.jpg,0,1
1814.jpg,0,0
1815.jpg,0,1
1816.jpg,1,1
1817.jpg,1,1
1818.jpg,0,0
1819.jpg,1,1
182.jpg,1,1
1820.jpg,1,1
1821.jpg,0,1
1822.jpg,0,0
1823.jpg,1,1
1824.jpg,1,1
1825.jpg,0,0
1826.jpg,1,1
1827.jpg,1,0
1828.jpg,1,1
1829.jpg,0,0
183.jpg,1,1
1830.jpg,1,1
1831.jpg,0,1
1832.jpg,1,1
1833.jpg,0,1
1834.jpg,1,1
1835.jpg,0,0
1836.jpg,0,1
1837.jpg,1,0
1838.jpg,1,1
1839.jpg,1,1
184.jpg,1,1
1840.jpg,1,0
1841.jpg,1,1
1842.jpg,1,1
1843.jpg,1,0
1844.jpg,0,0
1845.jpg,0,0
1846.jpg,0,0
1847.jpg,1,1
1848.jpg,1,0
1849.jpg,0,1
185.jpg,1,1
1850.jpg,0,0
1851.jpg,1,0
1852.jpg,0,0
1853.jpg,1,1
1854.jpg,1,1
1855.jpg,1,0
1856.jpg,1,0
1857.jpg,0,0
1858.jpg,0,1
1859.jpg,1,1
186.jpg,1,1
1860.jpg,0,0
1861.jpg,1,1
1862.jpg,0,0
1863.jpg,0,0
1864.jpg,1,1
1865.jpg,0,1
1866.jpg,0,0
1867.jpg,1,1
1868.jpg,1,1
1869.jpg,0,0
187.jpg,0,1
1870.jpg,1,0
1871.jpg,1,1
1872.jpg,1,0
1873.jpg,0,0
1874.jpg,0,0
1875.jpg,1,0
1876.jpg,0,1
1877.jpg,1,0
1878.jpg,0,0
1879.jpg,0,0
188.jpg,1,1
1880.jpg,0,1
1881.jpg,0,0
1882.jpg,1,1
1883.jpg,1,1
1884.jpg,1,1
1885.jpg,0,1
1886.jpg,1,1
1887.jpg,0,0
1888.jpg,0,1
1889.jpg,0,0
189.jpg,0,0
1890.jpg,0,0
1891.jpg,1,1
1892.jpg,0,0
1893.jpg,0,0
1894.jpg,0,0
1895.jpg,0,1
1896.jpg,1,0
1897.jpg,1,1
1898.jpg,0,0
1899.jpg,1,0
19.jpg,0,0
190.jpg,1,0
1900.jpg,0,1
1901.jpg,1,1
1902.jpg,1,1
1903.jpg,1,0
1904.jpg,1,1
1905.jpg,1,1
1906.jpg,1,1
1907.jpg,0,0
1908.jpg,0,0
1909.jpg,1,1
191.jpg,1,1
1910.jpg,1,1
1911.jpg,1,1
1912.jpg,0,0
1913.jpg,0,0
1914.jpg,0,1
1915.jpg,0,1
1916.jpg,0,0
1917.jpg,1,1
1918.jpg,0,0
1919.jpg,1,1
192.jpg,1,1
1920.jpg,1,1
1921.jpg,0,0
1922.jpg,1,1
1923.jpg,1,0
1924.jpg,1,1
1925.jpg,0,1
1926.jpg,0,1
1927.jpg,1,1
1928.jpg,0,0
1929.jpg,0,1
193.jpg,1,0
1930.jpg,1,0
1931.jpg,1,1
1932.jpg,0,0
1933.jpg,1,0
1934.jpg,0,0
1935.jpg,1,0
1936.jpg,1,0
1937.jpg,1,0
1938.jpg,0,0
1939.jpg,1,1
194.jpg,1,0
1940.jpg,0,1
1941.jpg,0,0
1942.jpg,0,0
1943.jpg,1,0
1944.jpg,0,0
1945.jpg,1,1
1946.jpg,0,0
1947.jpg,1,1
1948.jpg,1,0
1949.jpg,0,0
195.jpg,1,0
1950.jpg,1,1
1951.jpg,1,1
1952.jpg,1,1
1953.jpg,1,1
1954.jpg,0,0
1955.jpg,0,1
1956.jpg,0,1
1957.jpg,0,1
1958.jpg,0,0
1959.jpg,1,1
196.jpg,1,0
1960.jpg,1,0
1961.jpg,1,1
1962.jpg,1,1
1963.jpg,1,0
1964.jpg,1,1
1965.jpg,0,0
1966.jpg,0,0
1967.jpg,1,1
1968.jpg,0,0
1969.jpg,1,0
197.jpg,0,0
1970.jpg,1,0
1971.jpg,0,0
1972.jpg,0,1
1973.jpg,0,0
1974.jpg,0,1
1975.jpg,0,0
1976.jpg,0,1
1977.jpg,1,1
1978.jpg,0,1
1979.jpg,0,0
198.jpg,1,1
1980.jpg,0,1
1981.jpg,1,1
1982.jpg,0,0
1983.jpg,0,0
1984.jpg,1,1
1985.jpg,0,0
1986.jpg,1,1
1987.jpg,1,0
1988.jpg,0,0
1989.jpg,1,1
199.jpg,0,0
1990.jpg,0,0
1991.jpg,0,0
1992.jpg,1,1
1993.jpg,0,0
1994.jpg,1,0
1995.jpg,1,1
1996.jpg,0,0
1997.jpg,1,0
1998.jpg,0,0
1999.jpg,1,0
2.jpg,0,0
20.jpg,0,1
200.jpg,1,0
2000.jpg,0,1
2001.jpg,1,1
2002.jpg,0,0
2003.jpg,1,0
2004.jpg,0,0
2005.jpg,0,1
2006.jpg,0,1
2007.jpg,1,0
2008.jpg,1,1
2009.jpg,1,0
201.jpg,1,1
2010.jpg,0,1
2011.jpg,1,0
2012.jpg,0,0
2013.jpg,1,0
2014.jpg,1,1
2015.jpg,1,0
2016.jpg,1,0
2017.jpg,0,0
2018.jpg,0,0
2019.jpg,0,0
202.jpg,0,0
2020.jpg,1,0
2021.jpg,1,1
2022.jpg,0,1
2023.jpg,1,1
2024.jpg,0,0
2025.jpg,0,0
2026.jpg,1,0
2027.jpg,1,1
2028.jpg,0,0
2029.jpg,0,1
203.jpg,0,0
2030.jpg,0,1
2031.jpg,1,1
2032.jpg,0,0
2033.jpg,1,1
2034.jpg,0,1
2035.jpg,0,1
2036.jpg,0,0
2037.jpg,0,0
2038.jpg,0,0
2039.jpg,1,1
204.jpg,0,1
2040.jpg,0,0
2041.jpg,0,0
2042.jpg,1,1
2043.jpg,0,1
2044.jpg,0,1
2045.jpg,1,1
2046.jpg,1,1
2047.jpg,1,1
2048.jpg,0,1
2049.jpg,0,0
205.jpg,1,0
2050.jpg,0,0
2051.jpg,1,1
2052.jpg,1,1
2053.jpg,1,1
2054.jpg,1,1
2055.jpg,1,0
2056.jpg,1,1
2057.jpg,1,1
2058.jpg,1,0
2059.jpg,0,1
206.jpg,0,1
2060.jpg,0,1
2061.jpg,1,0
2062.jpg,0,1
2063.jpg,1,1
2064.jpg,1,1
2065.jpg,0,0
2066.jpg,1,0
2067.jpg,1,1
2068.jpg,1,1
2069.jpg,1,0
207.jpg,0,0
2070.jpg,0,0
2071.jpg,0,1
2072.jpg,1,0
2073.jpg,0,0
2074.jpg,0,0
2075.jpg,1,1
2076.jpg,1,0
2077.jpg,0,1
2078.jpg,0,1
2079.jpg,1,1
208.jpg,0,0
2080.jpg,1,1
2081.jpg,0,0
2082.jpg,0,0
2083.jpg,0,0
2084.jpg,1,1
2085.jpg,0,1
2086.jpg,0,0
2087.jpg,1,0
2088.jpg,0,0
2089.jpg,0,0
209.jpg,1,1
2090.jpg,0,0
2091.jpg,1,0
2092.jpg,1,1
2093.jpg,0,0
2094.jpg,0,0
2095.jpg,1,1
2096.jpg,0,0
2097.jpg,0,0
2098.jpg,0,0
2099.jpg,0,1
21.jpg,1,1
210.jpg,1,1
2100.jpg,1,0
2101.jpg,1,1
2102.jpg,0,0
2103.jpg,0,0
2104.jpg,0,0
2105.jpg,1,1
2106.jpg,0,0
2107.jpg,1,1
2108.jpg,0,0
2109.jpg,1,1
211.jpg,0,0
2110.jpg,0,0
2111.jpg,1,1
2112.jpg,1,0
2113.jpg,0,0
2114.jpg,0,0
2115.jpg,1,1
2116.jpg,1,0
2117.jpg,1,1
2118.jpg,0,0
2119.jpg,0,1
212.jpg,0,1
2120.jpg,1,1
2121.jpg,0,0
2122.jpg,1,1
2123.jpg,1,1
2124.jpg,0,1
2125.jpg,1,0
2126.jpg,1,1
2127.jpg,1,0
2128.jpg,0,0
2129.jpg,1,1
213.jpg,0,1
2130.jpg,1,0
2131.jpg,0,0
2132.jpg,0,1
2133.jpg,1,1
2134.jpg,0,0
2135.jpg,0,0
2136.jpg,1,1
2137.jpg,1,0
2138.jpg,0,0
2139.jpg,0,1
214.jpg,1,0
2140.jpg,1,1
2141.jpg,1,1
2142.jpg,1,1
2143.jpg,0,1
2144.jpg,1,1
2145.jpg,0,0
2146.jpg,1,1
2147.jpg,0,0
2148.jpg,1,1
2149.jpg,1,1
215.jpg,0,0
2150.jpg,1,0
2151.jpg,1,1
2152.jpg,0,0
2153.jpg,1,0
2154.jpg,0,1
2155.jpg,1,1
2156.jpg,0,1
2157.jpg,0,1
2158.jpg,1,0
2159.jpg,1,1
216.jpg,1,1
2160.jpg,0,1
2161.jpg,0,0
2162.jpg,1,1
2163.jpg,0,1
2164.jpg,1,1
2165.jpg,0,0
2166.jpg,0,1
2167.jpg,0,0
2168.jpg,1,0
2169.jpg,0,0
217.jpg,1,1
2170.jpg,1,0
2171.jpg,0,1
2172.jpg,1,1
2173.jpg,0,0
2174.jpg,0,0
2175.jpg,0,1
2176.jpg,0,0
2177.jpg,1,1
2178.jpg,1,1
2179.jpg,1,1
218.jpg,1,1
2180.jpg,1,1
2181.jpg,1,1
2182.jpg,1,1
2183.jpg,0,1
2184.jpg,1,1
2185.jpg,1,1
2186.jpg,1,0
2187.jpg,1,0
2188.jpg,0,0
2189.jpg,0,0
219.jpg,1,1
2190.jpg,1,1
2191.jpg,1,1
2192.jpg,1,1
2193.jpg,0,1
2194.jpg,1,1
2195.jpg,0,1
2196.jpg,1,1
2197.jpg,0,1
2198.jpg,1,1
2199.jpg,0,0
22.jpg,0,0
220.jpg,1,0
2200.jpg,0,0
2201.jpg,0,1
2202.jpg,1,1
2203.jpg,1,1
2204.jpg,1,0
2205.jpg,0,1
2206.jpg,0,0
2207.jpg,0,0
2208.jpg,0,0
2209.jpg,1,0
221.jpg,1,1
2210.jpg,1,1
2211.jpg,1,1
2212.jpg,0,0
2213.jpg,0,0
2214.jpg,1,1
2215.jpg,1,1
2216.jpg,0,1
2217.jpg,0,0
2218.jpg,0,0
2219.jpg,0,1
222.jpg,1,1
2220.jpg,1,1
2221.jpg,0,0
2222.jpg,0,0
2223.jpg,0,0
2224.jpg,0,0
2225.jpg,1,1
2226.jpg,1,1
2227.jpg,1,1
2228.jpg,1,0
2229.jpg,1,1
223.jpg,0,1
2230.jpg,1,0
2231.jpg,1,0
2232.jpg,0,0
2233.jpg,1,1
2234.jpg,1,1
2235.jpg,1,0
2236.jpg,0,0
2237.jpg,0,0
2238.jpg,1,0
2239.jpg,0,0
224.jpg,1,0
2240.jpg,0,1
2241.jpg,0,0
2242.jpg,1,1
2243.jpg,0,0
2244.jpg,0,1
2245.jpg,1,0
2246.jpg,0,0
2247.jpg,0,0
2248.jpg,1,1
2249.jpg,0,0
225.jpg,1,1
2250.jpg,1,1
2251.jpg,1,1
2252.jpg,1,1
2253.jpg,0,0
2254.jpg,0,0
2255.jpg,0,1
2256.jpg,1,1
2257.jpg,0,1
2258.jpg,0,1
2259.jpg,0,1
226.jpg,1,1
2260.jpg,0,0
2261.jpg,0,0
2262.jpg,0,0
2263.jpg,1,0
2264.jpg,0,0
2265.jpg,1,1
2266.jpg,1,1
2267.jpg,1,1
2268.jpg,1,1
2269.jpg,1,0
227.jpg,0,0
2270.jpg,1,0
2271.jpg,0,0
2272.jpg,0,0
2273.jpg,0,0
2274.jpg,0,1
2275.jpg,0,0
2276.jpg,0,0
2277.jpg,1,1
2278.jpg,1,1
2279.jpg,0,0
228.jpg,0,0
2280.jpg,1,1
2281.jpg,0,0
2282.jpg,1,1
2283.jpg,1,1
2284.jpg,0,1
2285.jpg,1,1
2286.jpg,0,0
2287.jpg,0,0
2288.jpg,1,1
2289.jpg,0,1
229.jpg,1,1
2290.jpg,0,1
2291.jpg,1,1
2292.jpg,1,0
2293.jpg,0,0
2294.jpg,0,1
2295.jpg,0,0
2296.jpg,0,0
2297.jpg,1,1
2298.jpg,0,0
2299.jpg,1,1
23.jpg,1,1
230.jpg,1,1
2300.jpg,1,0
2301.jpg,0,0
2302.jpg,1,0
2303.jpg,0,1
2304.jpg,0,0
2305.jpg,1,1
2306.jpg,0,1
2307.jpg,0,1
2308.jpg,0,1
2309.jpg,1,1
231.jpg,1,1
2310.jpg,0,1
2311.jpg,1,1
2312.jpg,1,1
2313.jpg,0,0
2314.jpg,1,1
2315.jpg,0,1
2316.jpg,1,1
2317.jpg,0,0
2318.jpg,1,1
2319.jpg,0,0
232.jpg,1,1
2320.jpg,0,0
2321.jpg,1,0
2322.jpg,0,0
2323.jpg,0,0
2324.jpg,1,1
2325.jpg,1,0
2326.jpg,1,1
2327.jpg,1,1
2328.jpg,1,0
2329.jpg,1,1
233.jpg,0,0
2330.jpg,1,1
2331.jpg,1,0
2332.jpg,1,0
2333.jpg,1,1
2334.jpg,0,0
2335.jpg,1,1
2336.jpg,0,0
2337.jpg,0,0
2338.jpg,1,1
2339.jpg,0,0
234.jpg,1,1
2340.jpg,0,0
2341.jpg,0,0
2342.jpg,1,1
2343.jpg,0,1
2344.jpg,0,1
2345.jpg,1,1
2346.jpg,1,0
2347.jpg,1,0
2348.jpg,1,0
2349.jpg,0,1
235.jpg,0,0
2350.jpg,1,1
2351.jpg,1,0
2352.jpg,0,1
2353.jpg,0,1
2354.jpg,1,0
2355.jpg,1,1
2356.jpg,0,0
2357.jpg,0,0
2358.jpg,0,0
2359.jpg,1,1
236.jpg,0,0
2360.jpg,1,1
2361.jpg,1,1
2362.jpg,0,1
2363.jpg,0,0
2364.jpg,0,0
2365.jpg,0,1
2366.jpg,1,1
2367.jpg,0,0
2368.jpg,1,1
2369.jpg,1,1
237.jpg,0,0
2370.jpg,1,1
2371.jpg,1,1
2372.jpg,1,0
2373.jpg,1,1
2374.jpg,1,1
2375.jpg,1,0
2376.jpg,0,0
2377.jpg,1,1
2378.jpg,0,1
2379.jpg,1,1
238.jpg,0,0
2380.jpg,0,0
2381.jpg,0,0
2382.jpg,0,0
2383.jpg,1,0
2384.jpg,1,1
2385.jpg,1,1
2386.jpg,1,1
2387.jpg,0,0
2388.jpg,1,1
2389.jpg,1,1
239.jpg,0,1
2390.jpg,0,0
2391.jpg,0,1
2392.jpg,1,1
2393.jpg,1,1
2394.jpg,0,1
2395.jpg,1,1
2396.jpg,1,1
2397.jpg,1,1
2398.jpg,1,1
2399.jpg,1,1
24.jpg,0,0
240.jpg,0,0
2400.jpg,0,0
2401.jpg,1,0
2402.jpg,0,0
2403.jpg,1,0
2404.jpg,1,1
2405.jpg,0,0
2406.jpg,1,1
2407.jpg,1,1
2408.jpg,0,1
2409.jpg,1,0
241.jpg,0,1
2410.jpg,1,1
2411.jpg,0,0
2412.jpg,1,1
2413.jpg,0,0
2414.jpg,1,1
2415.jpg,0,1
2416.jpg,0,1
2417.jpg,1,1
2418.jpg,0,0
2419.jpg,0,0
242.jpg,0,1
2420.jpg,1,0
2421.jpg,1,1
2422.jpg,1,0
2423.jpg,0,0
2424.jpg,0,1
2425.jpg,1,0
2426.jpg,1,0
2427.jpg,0,1
2428.jpg,1,1
2429.jpg,1,1
243.jpg,0,1
2430.jpg,1,0
2431.jpg,0,0
2432.jpg,1,0
2433.jpg,1,1
2434.jpg,0,0
2435.jpg,1,1
2436.jpg,0,0
2437.jpg,0,0
2438.jpg,1,1
2439.jpg,0,0
244.jpg,0,0
2440.jpg,0,0
2441.jpg,0,1
2442.jpg,0,0
2443.jpg,1,0
2444.jpg,0,0
2445.jpg,0,1
2446.jpg,1,1
2447.jpg,1,0
2448.jpg,0,0
2449.jpg,1,0
245.jpg,0,0
2450.jpg,1,1
2451.jpg,0,0
2452.jpg,1,0
2453.jpg,0,0
2454.jpg,0,1
2455.jpg,1,1
2456.jpg,1,0
2457.jpg,1,1
2458.jpg,0,0
2459.jpg,0,0
246.jpg,1,0
2460.jpg,0,0
2461.jpg,1,0
2462.jpg,0,0
2463.jpg,0,0
2464.jpg,0,0
2465.jpg,0,0
2466.jpg,1,1
2467.jpg,0,0
2468.jpg,1,0
2469.jpg,1,1
247.jpg,0,0
2470.jpg,0,0
2471.jpg,1,0
2472.jpg,0,0
2473.jpg,0,1
2474.jpg,0,0
2475.jpg,0,0
2476.jpg,0,0
2477.jpg,1,1
2478.jpg,1,0
2479.jpg,0,0
248.jpg,0,1
2480.jpg,0,1
2481.jpg,0,1
2482.jpg,1,1
2483.jpg,0,0
2484.jpg,1,1
2485.jpg,1,1
2486.jpg,0,0
2487.jpg,1,1
2488.jpg,1,1
2489.jpg,1,0
249.jpg,1,0
2490.jpg,0,0
2491.jpg,0,0
2492.jpg,0,1
2493.jpg,1,1
2494.jpg,0,0
2495.jpg,0,1
2496.jpg,0,1
2497.jpg,1,0
2498.jpg,1,1
2499.jpg,0,0
25.jpg,1,1
250.jpg,0,0
2500.jpg,0,0
2501.jpg,1,0
2502.jpg,1,1
2503.jpg,0,0
2504.jpg,0,1
2505.jpg,1,1
2506.jpg,0,0
2507.jpg,1,0
2508.jpg,1,1
2509.jpg,1,1
251.jpg,0,0
2510.jpg,0,0
2511.jpg,1,0
2512.jpg,0,0
2513.jpg,1,1
2514.jpg,0,0
2515.jpg,0,0
2516.jpg,0,1
2517.jpg,1,1
2518.jpg,0,1
2519.jpg,1,0
252.jpg,0,0
2520.jpg,1,0
2521.jpg,1,1
2522.jpg,1,1
2523.jpg,1,1
2524.jpg,1,1
2525.jpg,1,1
2526.jpg,0,1
2527.jpg,1,0
2528.jpg,1,1
2529.jpg,0,1
253.jpg,1,1
2530.jpg,0,1
2531.jpg,0,0
2532.jpg,0,0
2533.jpg,1,0
2534.jpg,0,0
2535.jpg,0,0
2536.jpg,1,0
2537.jpg,0,1
2538.jpg,0,0
2539.jpg,0,1
254.jpg,0,0
2540.jpg,0,0
2541.jpg,1,1
2542.jpg,0,1
2543.jpg,0,0
2544.jpg,0,0
2545.jpg,1,1
2546.jpg,0,0
2547.jpg,0,0
2548.jpg,0,0
2549.jpg,0,0
255.jpg,1,0
2550.jpg,1,0
2551.jpg,0,0
2552.jpg,1,1
2553.jpg,0,1
2554.jpg,0,0
2555.jpg,0,0
2556.jpg,0,0
2557.jpg,1,1
2558.jpg,1,0
2559.jpg,1,1
256.jpg,0,0
2560.jpg,0,0
2561.jpg,1,0
2562.jpg,1,1
2563.jpg,1,0
2564.jpg,1,0
2565.jpg,0,0
2566.jpg,0,0
2567.jpg,0,0
2568.jpg,1,0
2569.jpg,0,1
257.jpg,0,0
2570.jpg,0,1
2571.jpg,1,1
2572.jpg,0,0
2573.jpg,0,0
2574.jpg,0,0
2575.jpg,0,0
2576.jpg,0,1
2577.jpg,1,1
2578.jpg,0,0
2579.jpg,1,0
258.jpg,1,1
2580.jpg,1,1
2581.jpg,1,0
2582.jpg,1,1
2583.jpg,0,1
2584.jpg,0,0
2585.jpg,0,0
2586.jpg,1,1
2587.jpg,1,1
2588.jpg,0,0
2589.jpg,1,0
259.jpg,0,0
2590.jpg,0,0
2591.jpg,1,0
2592.jpg,0,0
2593.jpg,1,1
2594.jpg,0,1
2595.jpg,1,0
2596.jpg,0,0
2597.jpg,1,1
2598.jpg,0,1
2599.jpg,1,1
26.jpg,1,0
260.jpg,0,1
2600.jpg,1,1
2601.jpg,0,0
2602.jpg,1,0
2603.jpg,1,1
2604.jpg,0,0
2605.jpg,0,0
2606.jpg,0,0
2607.jpg,0,1
2608.jpg,0,0
2609.jpg,1,0
261.jpg,1,1
2610.jpg,0,0
2611.jpg,0,0
2612.jpg,1,1
2613.jpg,1,0
2614.jpg,0,0
2615.jpg,1,1
2616.jpg,0,0
2617.jpg,1,0
2618.jpg,1,0
2619.jpg,1,1
262.jpg,1,1
2620.jpg,1,1
2621.jpg,1,0
2622.jpg,1,1
2623.jpg,0,1
2624.jpg,1,0
2625.jpg,1,0
2626.jpg,1,1
2627.jpg,1,1
2628.jpg,0,0
2629.jpg,1,1
263.jpg,1,0
2630.jpg,1,0
2631.jpg,0,0
2632.jpg,0,0
2633.jpg,1,1
2634.jpg,1,0
2635.jpg,1,1
2636.jpg,1,0
2637.jpg,1,0
2638.jpg,1,0
2639.jpg,1,1
264.jpg,1,1
2640.jpg,0,1
2641.jpg,1,1
2642.jpg,0,0
2643.jpg,1,1
2644.jpg,1,0
2645.jpg,1,1
2646.jpg,0,0
2647.jpg,1,1
2648.jpg,0,0
2649.jpg,1,1
265.jpg,1,1
2650.jpg,0,0
2651.jpg,1,1
2652.jpg,0,0
2653.jpg,0,0
2654.jpg,1,1
2655.jpg,1,1
2656.jpg,1,1
2657.jpg,0,1
2658.jpg,1,1
2659.jpg,1,1
266.jpg,0,0
2660.jpg,0,0
2661.jpg,1,1
2662.jpg,1,1
2663.jpg,1,1
2664.jpg,1,1
2665.jpg,0,1
2666.jpg,1,1
2667.jpg,0,1
2668.jpg,1,0
2669.jpg,1,1
267.jpg,1,0
2670.jpg,0,0
2671.jpg,1,1
2672.jpg,1,1
2673.jpg,0,0
2674.jpg,1,1
2675.jpg,1,1
2676.jpg,0,0
2677.jpg,1,0
2678.jpg,1,1
2679.jpg,1,1
268.jpg,1,0
2680.jpg,0,0
2681.jpg,1,1
2682.jpg,1,1
2683.jpg,1,0
2684.jpg,0,0
2685.jpg,0,1
2686.jpg,1,0
2687.jpg,1,1
2688.jpg,0,0
2689.jpg,0,1
269.jpg,0,0
2690.jpg,1,1
2691.jpg,0,0
2692.jpg,1,1
2693.jpg,0,0
2694.jpg,0,0
2695.jpg,1,1
2696.jpg,0,0
2697.jpg,0,0
2698.jpg,0,1
2699.jpg,1,1
27.jpg,0,1
270.jpg,0,1
2700.jpg,1,0
2701.jpg,1,1
2702.jpg,0,0
2703.jpg,0,1
2704.jpg,1,1
2705.jpg,0,1
2706.jpg,1,1
2707.jpg,0,0
2708.jpg,0,1
2709.jpg,1,0
271.jpg,1,1
2710.jpg,0,0
2711.jpg,0,1
2712.jpg,1,1
2713.jpg,0,0
2714.jpg,0,1
2715.jpg,0,0
2716.jpg,0,0
2717.jpg,1,1
2718.jpg,1,0
2719.jpg,1,1
272.jpg,1,0
2720.jpg,1,0
2721.jpg,0,0
2722.jpg,0,0
2723.jpg,1,1
2724.jpg,1,1
2725.jpg,1,1
2726.jpg,1,1
2727.jpg,1,1
2728.jpg,0,1
2729.jpg,0,0
273.jpg,1,1
2730.jpg,0,0
2731.jpg,0,0
2732.jpg,1,1
2733.jpg,0,1
2734.jpg,0,1
2735.jpg,1,0
2736.jpg,0,0
2737.jpg,1,1
2738.jpg,0,1
2739.jpg,0,1
274.jpg,0,0
2740.jpg,0,0
2741.jpg,0,0
2742.jpg,0,0
2743.jpg,0,0
2744.jpg,1,1
2745.jpg,1,1
2746.jpg,0,0
2747.jpg,0,1
2748.jpg,0,0
2749.jpg,1,1
275.jpg,1,1
2750.jpg,0,0
2751.jpg,1,1
2752.jpg,0,0
2753.jpg,0,0
2754.jpg,0,0
2755.jpg,1,1
2756.jpg,0,0
2757.jpg,1,1
2758.jpg,1,1
2759.jpg,0,1
276.jpg,0,0
2760.jpg,0,1
2761.jpg,0,1
2762.jpg,1,0
2763.jpg,1,1
2764.jpg,1,1
2765.jpg,0,0
2766.jpg,1,1
2767.jpg,0,0
2768.jpg,0,0
2769.jpg,0,0
277.jpg,0,1
2770.jpg,0,0
2771.jpg,0,0
2772.jpg,0,1
2773.jpg,1,1
2774.jpg,1,1
2775.jpg,1,0
2776.jpg,0,0
2777.jpg,0,0
2778.jpg,1,1
2779.jpg,1,1
278.jpg,0,0
2780.jpg,0,0
2781.jpg,0,0
2782.jpg,0,1
2783.jpg,0,0
2784.jpg,1,1
2785.jpg,1,1
2786.jpg,1,1
2787.jpg,0,0
2788.jpg,0,0
2789.jpg,1,0
279.jpg,1,1
2790.jpg,1,0
2791.jpg,0,0
2792.jpg,0,0
2793.jpg,1,1
2794.jpg,1,1
2795.jpg,0,0
2796.jpg,1,0
2797.jpg,1,1
2798.jpg,1,0
2799.jpg,1,1
28.jpg,1,1
280.jpg,0,1
2800.jpg,1,0
2801.jpg,0,0
2802.jpg,1,1
2803.jpg,0,0
2804.jpg,1,1
2805.jpg,0,0
2806.jpg,0,0
2807.jpg,1,1
2808.jpg,0,0
2809.jpg,0,0
281.jpg,1,1
2810.jpg,1,1
2811.jpg,0,0
2812.jpg,1,0
2813.jpg,0,1
2814.jpg,0,1
2815.jpg,1,1
2816.jpg,0,0
2817.jpg,0,1
2818.jpg,0,0
2819.jpg,0,0
282.jpg,1,1
2820.jpg,1,1
2821.jpg,0,1
2822.jpg,1,1
2823.jpg,0,0
2824.jpg,1,0
2825.jpg,0,1
2826.jpg,0,0
2827.jpg,0,1
2828.jpg,1,1
2829.jpg,0,1
283.jpg,0,0
2830.jpg,0,0
2831.jpg,0,0
2832.jpg,1,1
2833.jpg,0,0
2834.jpg,0,0
2835.jpg,0,0
2836.jpg,0,0
2837.jpg,1,0
2838.jpg,1,1
2839.jpg,0,0
284.jpg,0,0
2840.jpg,1,1
2841.jpg,0,0
2842.jpg,1,1
2843.jpg,1,0
2844.jpg,0,0
2845.jpg,0,1
2846.jpg,1,1
2847.jpg,1,1
2848.jpg,1,1
2849.jpg,0,0
285.jpg,1,1
2850.jpg,0,1
2851.jpg,1,0
2852.jpg,1,1
2853.jpg,0,0
2854.jpg,0,1
2855.jpg,0,0
2856.jpg,0,1
2857.jpg,1,0
2858.jpg,0,1
2859.jpg,1,1
286.jpg,0,1
2860.jpg,0,0
2861.jpg,1,1
2862.jpg,1,0
2863.jpg,1,1
2864.jpg,1,0
2865.jpg,0,0
2866.jpg,1,1
2867.jpg,0,0
2868.jpg,0,0
2869.jpg,1,1
287.jpg,0,1
2870.jpg,1,1
2871.jpg,1,0
2872.jpg,0,0
2873.jpg,1,1
2874.jpg,0,0
2875.jpg,1,1
2876.jpg,1,1
2877.jpg,0,0
2878.jpg,1,1
2879.jpg,1,0
288.jpg,0,0
2880.jpg,1,1
2881.jpg,0,0
2882.jpg,1,1
2883.jpg,0,1
2884.jpg,0,1
2885.jpg,0,0
2886.jpg,1,1
2887.jpg,1,1
2888.jpg,0,0
2889.jpg,0,1
289.jpg,0,0
2890.jpg,1,1
2891.jpg,1,0
2892.jpg,0,0
2893.jpg,1,1
2894.jpg,0,0
2895.jpg,0,0
2896.jpg,0,1
2897.jpg,0,0
2898.jpg,0,0
2899.jpg,1,1
29.jpg,0,0
290.jpg,1,1
2900.jpg,1,1
2901.jpg,0,0
2902.jpg,0,1
2903.jpg,0,0
2904.jpg,0,0
2905.jpg,1,1
2906.jpg,1,1
2907.jpg,1,1
2908.jpg,1,1
2909.jpg,1,1
291.jpg,0,0
2910.jpg,0,1
2911.jpg,0,0
2912.jpg,1,1
2913.jpg,1,1
2914.jpg,1,1
2915.jpg,1,1
2916.jpg,1,1
2917.jpg,0,1
2918.jpg,0,0
2919.jpg,1,1
292.jpg,0,0
2920.jpg,1,1
2921.jpg,1,1
2922.jpg,0,0
2923.jpg,1,1
2924.jpg,0,1
2925.jpg,1,0
2926.jpg,1,1
2927.jpg,0,0
2928.jpg,1,0
2929.jpg,1,1
293.jpg,1,1
2930.jpg,1,1
2931.jpg,0,0
2932.jpg,1,0
2933.jpg,1,0
2934.jpg,0,0
2935.jpg,1,1
2936.jpg,1,1
2937.jpg,0,0
2938.jpg,0,1
2939.jpg,0,0
294.jpg,0,0
2940.jpg,0,0
2941.jpg,1,1
2942.jpg,1,0
2943.jpg,0,0
2944.jpg,0,0
2945.jpg,1,0
2946.jpg,0,0
2947.jpg,1,1
2948.jpg,0,0
2949.jpg,0,0
295.jpg,1,1
2950.jpg,0,0
2951.jpg,1,0
2952.jpg,0,0
2953.jpg,1,0
2954.jpg,0,1
2955.jpg,1,1
2956.jpg,0,0
2957.jpg,1,1
2958.jpg,0,0
2959.jpg,1,1
296.jpg,0,0
2960.jpg,0,0
2961.jpg,0,1
2962.jpg,0,0
2963.jpg,1,0
2964.jpg,0,0
2965.jpg,0,0
2966.jpg,0,1
2967.jpg,0,0
2968.jpg,0,0
2969.jpg,0,0
297.jpg,0,0
2970.jpg,1,0
2971.jpg,0,1
2972.jpg,1,1
2973.jpg,0,1
2974.jpg,1,0
2975.jpg,0,0
2976.jpg,0,0
2977.jpg,1,1
2978.jpg,1,1
2979.jpg,0,1
298.jpg,0,0
2980.jpg,1,0
2981.jpg,1,1
2982.jpg,1,0
2983.jpg,1,0
2984.jpg,1,0
2985.jpg,0,0
2986.jpg,0,0
2987.jpg,1,1
2988.jpg,1,0
2989.jpg,1,1
299.jpg,0,0
2990.jpg,0,1
2991.jpg,1,1
2992.jpg,1,1
2993.jpg,0,1
2994.jpg,1,0
2995.jpg,1,1
2996.jpg,0,1
2997.jpg,0,0
2998.jpg,0,1
2999.jpg,0,0
3.jpg,1,1
30.jpg,0,0
300.jpg,0,0
3000.jpg,1,1
3001.jpg,0,1
3002.jpg,0,0
3003.jpg,1,1
3004.jpg,0,0
3005.jpg,1,1
3006.jpg,1,1
3007.jpg,0,0
3008.jpg,0,0
3009.jpg,1,1
301.jpg,0,1
3010.jpg,0,0
3011.jpg,1,1
3012.jpg,1,1
3013.jpg,0,1
3014.jpg,0,0
3015.jpg,1,1
3016.jpg,1,0
3017.jpg,1,0
3018.jpg,1,1
3019.jpg,1,1
302.jpg,1,0
3020.jpg,0,0
3021.jpg,1,1
3022.jpg,0,0
3023.jpg,1,1
3024.jpg,0,1
3025.jpg,0,0
3026.jpg,1,1
3027.jpg,1,1
3028.jpg,1,0
3029.jpg,0,0
303.jpg,0,1
3030.jpg,0,0
3031.jpg,0,0
3032.jpg,1,0
3033.jpg,1,1
3034.jpg,0,1
3035.jpg,0,0
3036.jpg,0,1
3037.jpg,0,0
3038.jpg,0,0
3039.jpg,0,0
304.jpg,1,1
3040.jpg,1,0
3041.jpg,1,1
3042.jpg,0,0
3043.jpg,0,1
3044.jpg,1,1
3045.jpg,0,0
3046.jpg,1,1
3047.jpg,0,0
3048.jpg,0,0
3049.jpg,0,0
305.jpg,1,0
3050.jpg,0,0
3051.jpg,0,0
3052.jpg,0,0
3053.jpg,0,1
3054.jpg,0,1
3055.jpg,0,0
3056.jpg,1,1
3057.jpg,1,0
3058.jpg,0,0
3059.jpg,0,0
306.jpg,0,1
3060.jpg,1,1
3061.jpg,0,0
3062.jpg,1,1
3063.jpg,0,1
3064.jpg,1,0
3065.jpg,0,1
3066.jpg,0,0
3067.jpg,0,1
3068.jpg,0,0
3069.jpg,0,0
307.jpg,0,0
3070.jpg,1,1
3071.jpg,1,0
3072.jpg,1,0
3073.jpg,1,0
3074.jpg,1,1
3075.jpg,0,1
3076.jpg,0,1
3077.jpg,1,1
3078.jpg,1,0
3079.jpg,1,0
308.jpg,1,1
3080.jpg,1,0
3081.jpg,1,1
3082.jpg,0,0
3083.jpg,1,0
3084.jpg,0,0
3085.jpg,1,1
3086.jpg,1,1
3087.jpg,0,0
3088.jpg,1,1
3089.jpg,0,0
309.jpg,1,0
3090.jpg,1,0
3091.jpg,0,1
3092.jpg,0,0
3093.jpg,1,0
3094.jpg,1,0
3095.jpg,1,1
3096.jpg,1,1
3097.jpg,1,1
3098.jpg,0,1
3099.jpg,1,1
31.jpg,0,0
310.jpg,0,0
3100.jpg,0,1
3101.jpg,1,0
3102.jpg,1,0
3103.jpg,1,1
3104.jpg,1,1
3105.jpg,1,1
3106.jpg,0,0
3107.jpg,0,1
3108.jpg,0,0
3109.jpg,1,0
311.jpg,0,0
3110.jpg,1,1
3111.jpg,0,0
3112.jpg,1,0
3113.jpg,1,1
3114.jpg,1,1
3115.jpg,0,1
3116.jpg,1,1
3117.jpg,1,0
3118.jpg,0,0
3119.jpg,0,0
312.jpg,0,0
3120.jpg,0,0
3121.jpg,0,0
3122.jpg,1,0
3123.jpg,0,0
3124.jpg,0,0
3125.jpg,1,1
3126.jpg,0,0
3127.jpg,1,1
3128.jpg,0,0
3129.jpg,0,0
313.jpg,1,1
3130.jpg,1,0
3131.jpg,1,0
3132.jpg,0,1
3133.jpg,1,1
3134.jpg,1,1
3135.jpg,0,0
3136.jpg,0,1
3137.jpg,0,0
3138.jpg,1,1
3139.jpg,1,1
314.jpg,1,0
3140.jpg,1,1
3141.jpg,0,1
3142.jpg,0,0
3143.jpg,1,1
3144.jpg,0,0
3145.jpg,1,0
3146.jpg,1,1
3147.jpg,0,0
3148.jpg,0,0
3149.jpg,0,0
315.jpg,1,1
3150.jpg,1,1
3151.jpg,1,1
3152.jpg,0,0
3153.jpg,1,1
3154.jpg,0,1
3155.jpg,1,0
3156.jpg,0,0
3157.jpg,1,1
3158.jpg,0,1
3159.jpg,1,1
316.jpg,0,1
3160.jpg,1,1
3161.jpg,1,1
3162.jpg,1,1
3163.jpg,1,1
3164.jpg,1,1
3165.jpg,1,1
3166.jpg,1,0
3167.jpg,1,1
3168.jpg,1,1
3169.jpg,1,0
317.jpg,1,1
3170.jpg,0,1
3171.jpg,1,0
3172.jpg,1,1
3173.jpg,1,1
3174.jpg,1,0
3175.jpg,0,1
3176.jpg,0,0
3177.jpg,0,0
3178.jpg,1,0
3179.jpg,0,0
318.jpg,0,0
3180.jpg,0,1
3181.jpg,0,0
3182.jpg,0,1
3183.jpg,0,0
3184.jpg,0,1
3185.jpg,1,1
3186.jpg,1,1
3187.jpg,1,1
3188.jpg,0,0
3189.jpg,1,1
319.jpg,0,0
3190.jpg,1,1
3191.jpg,1,0
3192.jpg,1,0
3193.jpg,0,1
3194.jpg,1,1
3195.jpg,0,0
3196.jpg,0,1
3197.jpg,1,0
3198.jpg,1,1
3199.jpg,1,1
32.jpg,1,1
320.jpg,1,1
3200.jpg,1,1
3201.jpg,0,1
3202.jpg,0,0
3203.jpg,1,0
3204.jpg,1,1
3205.jpg,1,1
3206.jpg,1,0
3207.jpg,1,1
3208.jpg,1,1
3209.jpg,1,1
321.jpg,0,1
3210.jpg,1,1
3211.jpg,0,0
3212.jpg,0,0
3213.jpg,1,0
3214.jpg,1,1
3215.jpg,0,0
3216.jpg,0,0
3217.jpg,0,0
3218.jpg,0,1
3219.jpg,0,0
322.jpg,0,0
3220.jpg,1,0
3221.jpg,0,0
3222.jpg,1,1
3223.jpg,1,0
3224.jpg,0,1
3225.jpg,0,0
3226.jpg,1,1
3227.jpg,0,0
3228.jpg,0,1
3229.jpg,1,1
323.jpg,0,0
3230.jpg,1,1
3231.jpg,0,0
3232.jpg,1,0
3233.jpg,1,1
3234.jpg,1,0
3235.jpg,0,0
3236.jpg,1,1
3237.jpg,1,1
3238.jpg,1,0
3239.jpg,1,1
324.jpg,0,0
3240.jpg,1,1
3241.jpg,0,0
3242.jpg,1,1
3243.jpg,0,0
3244.jpg,0,0
3245.jpg,0,1
3246.jpg,0,0
3247.jpg,0,1
